name,energy,flux
Ni01,52.150000000000006,6.666666666666667e-07
Ni01,52.25,6.666666666666667e-07
Ni01,52.35000000000001,2.666666666666667e-06
Ni01,52.45,5e-06
Ni01,52.55,1.0333333333333333e-05
Ni01,52.650000000000006,1.7666666666666668e-05
Ni01,52.75,3.6e-05
Ni01,52.85000000000001,7e-05
Ni01,52.95,0.00014466666666666667
Ni01,53.05,0.00028033333333333333
Ni01,53.150000000000006,0.0004883333333333333
Ni01,53.25,0.0008206666666666667
Ni01,53.35000000000001,0.0013656666666666667
Ni01,53.45,0.0022503333333333334
Ni01,53.55,0.0035213333333333333
Ni01,53.650000000000006,0.00544
Ni01,53.75,0.008035666666666667
Ni01,53.85000000000001,0.01158
Ni01,53.95,0.016046
Ni01,54.05,0.021508
Ni01,54.150000000000006,0.028010666666666666
Ni01,54.25,0.035236333333333335
Ni01,54.35000000000001,0.043015333333333336
Ni01,54.45,0.05059433333333333
Ni01,54.55,0.057927
Ni01,54.650000000000006,0.06396633333333333
Ni01,54.75,0.06859366666666666
Ni01,54.85000000000001,0.07128133333333334
Ni01,54.95,0.071546
Ni01,55.05,0.06947566666666667
Ni01,55.150000000000006,0.06545733333333334
Ni01,55.25,0.05976066666666666
Ni01,55.35000000000001,0.052751
Ni01,55.45,0.045159
Ni01,55.55,0.037454666666666664
Ni01,55.650000000000006,0.029911
Ni01,55.75,0.023198666666666666
Ni01,55.85000000000001,0.017294666666666667
Ni01,55.95,0.012537666666666667
Ni01,56.05,0.008793666666666667
Ni01,56.150000000000006,0.006057
Ni01,56.25,0.004044
Ni01,56.35000000000001,0.002566
Ni01,56.45,0.0015776666666666667
Ni01,56.55,0.000924
Ni01,56.650000000000006,0.0005733333333333334
Ni01,56.75,0.00031633333333333334
Ni01,56.85000000000001,0.00017433333333333333
Ni01,56.95,8.933333333333333e-05
Ni01,57.05,4.266666666666667e-05
Ni01,57.150000000000006,2.1e-05
Ni01,57.25,1.2e-05
Ni01,57.35000000000001,6.333333333333333e-06
Ni01,57.45,3.3333333333333333e-06
Ni01,57.55,2e-06
Ni01,57.650000000000006,6.666666666666667e-07
Ni01,57.75,6.666666666666667e-07
Ni01,57.85000000000001,3.3333333333333335e-07
Sn01,51.95,6.666666666666667e-07
Sn01,52.05,1.3333333333333334e-06
Sn01,52.150000000000006,3.3333333333333333e-06
Sn01,52.25,5e-06
Sn01,52.35000000000001,1.1666666666666666e-05
Sn01,52.45,2.0666666666666666e-05
Sn01,52.55,4.1666666666666665e-05
Sn01,52.650000000000006,8.1e-05
Sn01,52.75,0.00016366666666666667
Sn01,52.85000000000001,0.00031066666666666666
Sn01,52.95,0.0005246666666666667
Sn01,53.05,0.0008793333333333333
Sn01,53.150000000000006,0.0014723333333333333
Sn01,53.25,0.0024083333333333335
Sn01,53.35000000000001,0.003721
Sn01,53.45,0.005696666666666667
Sn01,53.55,0.008405
Sn01,53.650000000000006,0.011946666666666666
Sn01,53.75,0.016407
Sn01,53.85000000000001,0.021883
Sn01,53.95,0.028333666666666667
Sn01,54.05,0.03559433333333333
Sn01,54.150000000000006,0.04320266666666667
Sn01,54.25,0.05066533333333333
Sn01,54.35000000000001,0.05775
Sn01,54.45,0.06352266666666667
Sn01,54.55,0.06828566666666666
Sn01,54.650000000000006,0.070628
Sn01,54.75,0.07075
Sn01,54.85000000000001,0.06899566666666666
Sn01,54.95,0.064836
Sn01,55.05,0.059245
Sn01,55.150000000000006,0.052486333333333336
Sn01,55.25,0.044908666666666666
Sn01,55.35000000000001,0.03740533333333333
Sn01,55.45,0.029954
Sn01,55.55,0.023282
Sn01,55.650000000000006,0.017464666666666667
Sn01,55.75,0.012721666666666666
Sn01,55.85000000000001,0.008996333333333334
Sn01,55.95,0.006209666666666666
Sn01,56.05,0.004151666666666666
Sn01,56.150000000000006,0.0026653333333333334
Sn01,56.25,0.0016596666666666667
Sn01,56.35000000000001,0.0009846666666666667
Sn01,56.45,0.0005983333333333333
Sn01,56.55,0.0003336666666666667
Sn01,56.650000000000006,0.00018733333333333332
Sn01,56.75,9.766666666666666e-05
Sn01,56.85000000000001,5.0333333333333335e-05
Sn01,56.95,2.3666666666666668e-05
Sn01,57.05,1.1666666666666666e-05
Sn01,57.150000000000006,6.333333333333333e-06
Sn01,57.25,4e-06
Sn01,57.35000000000001,2.333333333333333e-06
Sn01,57.45,1e-06
Sn01,57.55,6.666666666666667e-07
Sn01,57.650000000000006,3.3333333333333335e-07
Ta01,51.75,6.666666666666667e-07
Ta01,51.85000000000001,6.666666666666667e-07
Ta01,51.95,2.666666666666667e-06
Ta01,52.05,5.333333333333334e-06
Ta01,52.150000000000006,1e-05
Ta01,52.25,1.8666666666666665e-05
Ta01,52.35000000000001,3.4666666666666665e-05
Ta01,52.45,7.166666666666667e-05
Ta01,52.55,0.000142
Ta01,52.650000000000006,0.000282
Ta01,52.75,0.00048166666666666665
Ta01,52.85000000000001,0.000813
Ta01,52.95,0.0013606666666666667
Ta01,53.05,0.0022106666666666668
Ta01,53.150000000000006,0.0034746666666666667
Ta01,53.25,0.005396
Ta01,53.35000000000001,0.007917666666666667
Ta01,53.45,0.011434
Ta01,53.55,0.015834
Ta01,53.650000000000006,0.021232
Ta01,53.75,0.027614333333333334
Ta01,53.85000000000001,0.03477266666666667
Ta01,53.95,0.042458333333333334
Ta01,54.05,0.05014166666666667
Ta01,54.150000000000006,0.057312666666666665
Ta01,54.25,0.06340166666666666
Ta01,54.35000000000001,0.068171
Ta01,54.45,0.07101866666666666
Ta01,54.55,0.07142366666666666
Ta01,54.650000000000006,0.06930133333333334
Ta01,54.75,0.06560966666666666
Ta01,54.85000000000001,0.060058
Ta01,54.95,0.05317
Ta01,55.05,0.04564833333333333
Ta01,55.150000000000006,0.03802133333333333
Ta01,55.25,0.030476
Ta01,55.35000000000001,0.023693333333333334
Ta01,55.45,0.01777
Ta01,55.55,0.012915333333333332
Ta01,55.650000000000006,0.009110333333333333
Ta01,55.75,0.006284333333333334
Ta01,55.85000000000001,0.004215333333333333
Ta01,55.95,0.0027253333333333335
Ta01,56.05,0.0016523333333333333
Ta01,56.150000000000006,0.0009813333333333334
Ta01,56.25,0.0006023333333333333
Ta01,56.35000000000001,0.0003463333333333333
Ta01,56.45,0.00018566666666666666
Ta01,56.55,9.833333333333333e-05
Ta01,56.650000000000006,4.7333333333333336e-05
Ta01,56.75,2.3e-05
Ta01,56.85000000000001,1.2333333333333333e-05
Ta01,56.95,7.333333333333333e-06
Ta01,57.05,3.6666666666666666e-06
Ta01,57.150000000000006,2e-06
Ta01,57.25,1e-06
Ta01,57.35000000000001,6.666666666666667e-07
Ta01,57.45,3.3333333333333335e-07
Cu01,51.55,3.3333333333333335e-07
Cu01,51.650000000000006,1e-06
Cu01,51.75,1.3333333333333334e-06
Cu01,51.85000000000001,3.6666666666666666e-06
Cu01,51.95,8.666666666666666e-06
Cu01,52.05,1.4333333333333334e-05
Cu01,52.150000000000006,2.5e-05
Cu01,52.25,5.8666666666666665e-05
Cu01,52.35000000000001,0.00010533333333333334
Cu01,52.45,0.000213
Cu01,52.55,0.00039666666666666664
Cu01,52.650000000000006,0.0006686666666666667
Cu01,52.75,0.0010716666666666667
Cu01,52.85000000000001,0.0018016666666666667
Cu01,52.95,0.0029186666666666666
Cu01,53.05,0.00449
Cu01,53.150000000000006,0.006739
Cu01,53.25,0.009817666666666667
Cu01,53.35000000000001,0.013800333333333333
Cu01,53.45,0.018729666666666665
Cu01,53.55,0.024632666666666667
Cu01,53.650000000000006,0.03161866666666667
Cu01,53.75,0.03892
Cu01,53.85000000000001,0.04663066666666667
Cu01,53.95,0.054212
Cu01,54.05,0.06068933333333333
Cu01,54.150000000000006,0.06605166666666666
Cu01,54.25,0.06981966666666667
Cu01,54.35000000000001,0.07136166666666667
Cu01,54.45,0.070365
Cu01,54.55,0.06732833333333334
Cu01,54.650000000000006,0.062566
Cu01,54.75,0.056370666666666666
Cu01,54.85000000000001,0.049071666666666666
Cu01,54.95,0.04144933333333333
Cu01,55.05,0.033873
Cu01,55.150000000000006,0.026725666666666665
Cu01,55.25,0.020408666666666665
Cu01,55.35000000000001,0.015043666666666667
Cu01,55.45,0.010847666666666667
Cu01,55.55,0.007504333333333333
Cu01,55.650000000000006,0.005114
Cu01,55.75,0.0033943333333333334
Cu01,55.85000000000001,0.0021156666666666667
Cu01,55.95,0.001262
Cu01,56.05,0.000779
Cu01,56.150000000000006,0.000447
Cu01,56.25,0.000255
Cu01,56.35000000000001,0.000138
Cu01,56.45,6.966666666666666e-05
Cu01,56.55,3.3333333333333335e-05
Cu01,56.650000000000006,1.6666666666666667e-05
Cu01,56.75,8e-06
Cu01,56.85000000000001,6.333333333333333e-06
Cu01,56.95,2.666666666666667e-06
Cu01,57.05,1e-06
Cu01,57.150000000000006,6.666666666666667e-07
Cu01,57.25,1e-06
Al_degrader_A1,46.05,2e-07
Al_degrader_A1,46.150000000000006,0.0
Al_degrader_A1,46.25,4e-07
Al_degrader_A1,46.35000000000001,5e-07
Al_degrader_A1,46.45,1.3e-06
Al_degrader_A1,46.55,1.7e-06
Al_degrader_A1,46.650000000000006,3.3e-06
Al_degrader_A1,46.75,7.5e-06
Al_degrader_A1,46.85000000000001,1.26e-05
Al_degrader_A1,46.95,2.38e-05
Al_degrader_A1,47.05,4.32e-05
Al_degrader_A1,47.150000000000006,6.48e-05
Al_degrader_A1,47.25,0.0001059
Al_degrader_A1,47.35000000000001,0.0001738
Al_degrader_A1,47.45,0.0002671
Al_degrader_A1,47.55,0.0004085
Al_degrader_A1,47.650000000000006,0.0006055
Al_degrader_A1,47.75,0.0008751
Al_degrader_A1,47.85000000000001,0.0012203
Al_degrader_A1,47.95,0.0016977
Al_degrader_A1,48.05,0.0022273
Al_degrader_A1,48.150000000000006,0.0029215
Al_degrader_A1,48.25,0.0037199
Al_degrader_A1,48.35000000000001,0.0046021
Al_degrader_A1,48.45,0.0056243
Al_degrader_A1,48.55,0.0068299
Al_degrader_A1,48.650000000000006,0.0078165
Al_degrader_A1,48.75,0.0089232
Al_degrader_A1,48.85000000000001,0.0100904
Al_degrader_A1,48.95,0.0111262
Al_degrader_A1,49.05,0.0120951
Al_degrader_A1,49.150000000000006,0.0132013
Al_degrader_A1,49.25,0.0137426
Al_degrader_A1,49.35000000000001,0.0143851
Al_degrader_A1,49.45,0.0149184
Al_degrader_A1,49.55,0.0154217
Al_degrader_A1,49.650000000000006,0.0156735
Al_degrader_A1,49.75,0.0162754
Al_degrader_A1,49.85000000000001,0.0161548
Al_degrader_A1,49.95,0.0162852
Al_degrader_A1,50.05,0.0163773
Al_degrader_A1,50.150000000000006,0.0165386
Al_degrader_A1,50.25,0.0165304
Al_degrader_A1,50.35000000000001,0.016756
Al_degrader_A1,50.45,0.0166308
Al_degrader_A1,50.55,0.0166656
Al_degrader_A1,50.650000000000006,0.0166613
Al_degrader_A1,50.75,0.0167795
Al_degrader_A1,50.85000000000001,0.0167347
Al_degrader_A1,50.95,0.0167908
Al_degrader_A1,51.05,0.0167991
Al_degrader_A1,51.150000000000006,0.0168275
Al_degrader_A1,51.25,0.016827
Al_degrader_A1,51.35000000000001,0.0169328
Al_degrader_A1,51.45,0.0168937
Al_degrader_A1,51.55,0.0169323
Al_degrader_A1,51.650000000000006,0.0169561
Al_degrader_A1,51.75,0.0169619
Al_degrader_A1,51.85000000000001,0.0170063
Al_degrader_A1,51.95,0.0170673
Al_degrader_A1,52.05,0.0170787
Al_degrader_A1,52.150000000000006,0.0170748
Al_degrader_A1,52.25,0.0171137
Al_degrader_A1,52.35000000000001,0.0171144
Al_degrader_A1,52.45,0.0171573
Al_degrader_A1,52.55,0.0172248
Al_degrader_A1,52.650000000000006,0.0172103
Al_degrader_A1,52.75,0.0172033
Al_degrader_A1,52.85000000000001,0.0172697
Al_degrader_A1,52.95,0.0172279
Al_degrader_A1,53.05,0.0172949
Al_degrader_A1,53.150000000000006,0.0173194
Al_degrader_A1,53.25,0.0172467
Al_degrader_A1,53.35000000000001,0.0172004
Al_degrader_A1,53.45,0.0171124
Al_degrader_A1,53.55,0.0169236
Al_degrader_A1,53.650000000000006,0.0167902
Al_degrader_A1,53.75,0.0164281
Al_degrader_A1,53.85000000000001,0.015987
Al_degrader_A1,53.95,0.0154206
Al_degrader_A1,54.05,0.0147093
Al_degrader_A1,54.150000000000006,0.0137939
Al_degrader_A1,54.25,0.0128445
Al_degrader_A1,54.35000000000001,0.0116735
Al_degrader_A1,54.45,0.0103871
Al_degrader_A1,54.55,0.0091025
Al_degrader_A1,54.650000000000006,0.0077712
Al_degrader_A1,54.75,0.0064855
Al_degrader_A1,54.85000000000001,0.0053103
Al_degrader_A1,54.95,0.0042003
Al_degrader_A1,55.05,0.0032686
Al_degrader_A1,55.150000000000006,0.0024368
Al_degrader_A1,55.25,0.0017605
Al_degrader_A1,55.35000000000001,0.001244
Al_degrader_A1,55.45,0.0008653
Al_degrader_A1,55.55,0.0005755
Al_degrader_A1,55.650000000000006,0.0003827
Al_degrader_A1,55.75,0.0002433
Al_degrader_A1,55.85000000000001,0.0001335
Al_degrader_A1,55.95,8.75e-05
Al_degrader_A1,56.05,5.18e-05
Al_degrader_A1,56.150000000000006,2.67e-05
Al_degrader_A1,56.25,1.56e-05
Al_degrader_A1,56.35000000000001,7.6e-06
Al_degrader_A1,56.45,3.6e-06
Al_degrader_A1,56.55,2e-06
Al_degrader_A1,56.650000000000006,1e-06
Al_degrader_A1,56.75,4e-07
Al_degrader_A1,56.85000000000001,5e-07
Al_degrader_A1,56.95,0.0
Al_degrader_A1,57.05,1e-07
Al_degrader_A1,57.150000000000006,1e-07
Ni02,45.85000000000001,6.666666666666667e-07
Ni02,45.95,6.666666666666667e-07
Ni02,46.05,2e-06
Ni02,46.150000000000006,3e-06
Ni02,46.25,7e-06
Ni02,46.35000000000001,1.1666666666666666e-05
Ni02,46.45,2.1e-05
Ni02,46.55,3.9666666666666664e-05
Ni02,46.650000000000006,7.466666666666666e-05
Ni02,46.75,0.00013766666666666666
Ni02,46.85000000000001,0.000257
Ni02,46.95,0.00041966666666666666
Ni02,47.05,0.000681
Ni02,47.150000000000006,0.001085
Ni02,47.25,0.0017203333333333333
Ni02,47.35000000000001,0.0026636666666666666
Ni02,47.45,0.003966
Ni02,47.55,0.005778666666666666
Ni02,47.650000000000006,0.008213666666666666
Ni02,47.75,0.011454
Ni02,47.85000000000001,0.015294333333333333
Ni02,47.95,0.019952666666666667
Ni02,48.05,0.025293333333333334
Ni02,48.150000000000006,0.031273333333333334
Ni02,48.25,0.037699
Ni02,48.35000000000001,0.044511666666666665
Ni02,48.45,0.050836
Ni02,48.55,0.056338
Ni02,48.650000000000006,0.060573
Ni02,48.75,0.06385633333333333
Ni02,48.85000000000001,0.06555533333333333
Ni02,48.95,0.065122
Ni02,49.05,0.063988
Ni02,49.150000000000006,0.06007666666666667
Ni02,49.25,0.05493566666666667
Ni02,49.35000000000001,0.04915566666666667
Ni02,49.45,0.04273066666666667
Ni02,49.55,0.03639866666666667
Ni02,49.650000000000006,0.030046666666666666
Ni02,49.75,0.02427
Ni02,49.85000000000001,0.018563333333333334
Ni02,49.95,0.014074666666666666
Ni02,50.05,0.01036
Ni02,50.150000000000006,0.007447333333333334
Ni02,50.25,0.00525
Ni02,50.35000000000001,0.003645666666666667
Ni02,50.45,0.0023796666666666666
Ni02,50.55,0.001508
Ni02,50.650000000000006,0.000937
Ni02,50.75,0.0005916666666666667
Ni02,50.85000000000001,0.000349
Ni02,50.95,0.00020566666666666666
Ni02,51.05,0.00011333333333333333
Ni02,51.150000000000006,6.166666666666667e-05
Ni02,51.25,3.0333333333333333e-05
Ni02,51.35000000000001,1.7333333333333332e-05
Ni02,51.45,9.333333333333333e-06
Ni02,51.55,5e-06
Ni02,51.650000000000006,3e-06
Ni02,51.75,2.333333333333333e-06
Ni02,51.85000000000001,6.666666666666667e-07
Ni02,51.95,6.666666666666667e-07
Ni02,52.05,3.3333333333333335e-07
Sn02,45.55,3.3333333333333335e-07
Sn02,45.650000000000006,3.3333333333333335e-07
Sn02,45.75,1.3333333333333334e-06
Sn02,45.85000000000001,2.333333333333333e-06
Sn02,45.95,4.333333333333333e-06
Sn02,46.05,8.333333333333334e-06
Sn02,46.150000000000006,1.4333333333333334e-05
Sn02,46.25,2.7e-05
Sn02,46.35000000000001,5.0333333333333335e-05
Sn02,46.45,9.233333333333333e-05
Sn02,46.55,0.00016933333333333332
Sn02,46.650000000000006,0.00030233333333333333
Sn02,46.75,0.0004896666666666667
Sn02,46.85000000000001,0.0008016666666666667
Sn02,46.95,0.0012516666666666668
Sn02,47.05,0.001975
Sn02,47.150000000000006,0.002978666666666667
Sn02,47.25,0.0044006666666666664
Sn02,47.35000000000001,0.006325333333333333
Sn02,47.45,0.008909
Sn02,47.55,0.012293
Sn02,47.650000000000006,0.016363333333333334
Sn02,47.75,0.021008333333333334
Sn02,47.85000000000001,0.026429
Sn02,47.95,0.03248566666666667
Sn02,48.05,0.038821666666666664
Sn02,48.150000000000006,0.045476333333333334
Sn02,48.25,0.051443666666666665
Sn02,48.35000000000001,0.05690066666666667
Sn02,48.45,0.060801
Sn02,48.55,0.06367266666666667
Sn02,48.650000000000006,0.064951
Sn02,48.75,0.06487533333333333
Sn02,48.85000000000001,0.06260433333333333
Sn02,48.95,0.058511
Sn02,49.05,0.05411966666666667
Sn02,49.150000000000006,0.048023
Sn02,49.25,0.04164866666666667
Sn02,49.35000000000001,0.03556666666666667
Sn02,49.45,0.029112666666666665
Sn02,49.55,0.023206333333333332
Sn02,49.650000000000006,0.018186666666666667
Sn02,49.75,0.013641333333333333
Sn02,49.85000000000001,0.010034666666666667
Sn02,49.95,0.007284
Sn02,50.05,0.005123
Sn02,50.150000000000006,0.0035043333333333333
Sn02,50.25,0.0023363333333333335
Sn02,50.35000000000001,0.001493
Sn02,50.45,0.0009226666666666667
Sn02,50.55,0.0005696666666666667
Sn02,50.650000000000006,0.00034666666666666667
Sn02,50.75,0.0002
Sn02,50.85000000000001,0.00011166666666666667
Sn02,50.95,5.966666666666667e-05
Sn02,51.05,2.8333333333333332e-05
Sn02,51.150000000000006,1.8e-05
Sn02,51.25,9.333333333333333e-06
Sn02,51.35000000000001,5.666666666666667e-06
Sn02,51.45,3e-06
Sn02,51.55,1.6666666666666667e-06
Sn02,51.650000000000006,1e-06
Sn02,51.75,6.666666666666667e-07
Sn02,51.85000000000001,3.3333333333333335e-07
Ta02,45.45,6.666666666666667e-07
Ta02,45.55,1e-06
Ta02,45.650000000000006,2e-06
Ta02,45.75,4e-06
Ta02,45.85000000000001,9.333333333333333e-06
Ta02,45.95,1.3e-05
Ta02,46.05,2.3666666666666668e-05
Ta02,46.150000000000006,4.8666666666666666e-05
Ta02,46.25,8.8e-05
Ta02,46.35000000000001,0.00016466666666666667
Ta02,46.45,0.00029233333333333336
Ta02,46.55,0.0004893333333333334
Ta02,46.650000000000006,0.0007556666666666666
Ta02,46.75,0.0012373333333333333
Ta02,46.85000000000001,0.0019536666666666665
Ta02,46.95,0.0029423333333333333
Ta02,47.05,0.004339666666666667
Ta02,47.150000000000006,0.006310666666666667
Ta02,47.25,0.008879
Ta02,47.35000000000001,0.012266333333333334
Ta02,47.45,0.016251666666666668
Ta02,47.55,0.02109166666666667
Ta02,47.650000000000006,0.026574333333333332
Ta02,47.75,0.03250033333333333
Ta02,47.85000000000001,0.039015666666666664
Ta02,47.95,0.04579833333333334
Ta02,48.05,0.051831
Ta02,48.150000000000006,0.05712066666666667
Ta02,48.25,0.061154
Ta02,48.35000000000001,0.06410633333333333
Ta02,48.45,0.06527366666666666
Ta02,48.55,0.06511733333333333
Ta02,48.650000000000006,0.062738
Ta02,48.75,0.05910566666666667
Ta02,48.85000000000001,0.053662666666666664
Ta02,48.95,0.04779066666666667
Ta02,49.05,0.041536
Ta02,49.150000000000006,0.035192666666666664
Ta02,49.25,0.029057666666666666
Ta02,49.35000000000001,0.023116
Ta02,49.45,0.017630333333333335
Ta02,49.55,0.013401
Ta02,49.650000000000006,0.009839
Ta02,49.75,0.007028666666666667
Ta02,49.85000000000001,0.004994666666666666
Ta02,49.95,0.003447
Ta02,50.05,0.0022333333333333333
Ta02,50.150000000000006,0.001417
Ta02,50.25,0.0008766666666666667
Ta02,50.35000000000001,0.0005483333333333333
Ta02,50.45,0.0003316666666666667
Ta02,50.55,0.00018033333333333334
Ta02,50.650000000000006,0.00010033333333333334
Ta02,50.75,5.5e-05
Ta02,50.85000000000001,2.7e-05
Ta02,50.95,1.4333333333333334e-05
Ta02,51.05,8e-06
Ta02,51.150000000000006,5e-06
Ta02,51.25,3.3333333333333333e-06
Ta02,51.35000000000001,1.6666666666666667e-06
Ta02,51.45,6.666666666666667e-07
Ta02,51.55,6.666666666666667e-07
Ta02,51.650000000000006,3.3333333333333335e-07
Cu02,45.25,6.666666666666667e-07
Cu02,45.35000000000001,6.666666666666667e-07
Cu02,45.45,2e-06
Cu02,45.55,3e-06
Cu02,45.650000000000006,7e-06
Cu02,45.75,1.3e-05
Cu02,45.85000000000001,2.1e-05
Cu02,45.95,4.1e-05
Cu02,46.05,7.433333333333333e-05
Cu02,46.150000000000006,0.00014066666666666668
Cu02,46.25,0.0002576666666666667
Cu02,46.35000000000001,0.00042633333333333336
Cu02,46.45,0.000675
Cu02,46.55,0.0010806666666666666
Cu02,46.650000000000006,0.0016973333333333332
Cu02,46.75,0.002634333333333333
Cu02,46.85000000000001,0.0039056666666666667
Cu02,46.95,0.0056623333333333335
Cu02,47.05,0.008050666666666666
Cu02,47.150000000000006,0.011203333333333333
Cu02,47.25,0.014992666666666666
Cu02,47.35000000000001,0.019539333333333332
Cu02,47.45,0.024686
Cu02,47.55,0.030591333333333335
Cu02,47.650000000000006,0.036875333333333336
Cu02,47.75,0.04321333333333333
Cu02,47.85000000000001,0.050242
Cu02,47.95,0.055379
Cu02,48.05,0.059645
Cu02,48.150000000000006,0.06298866666666667
Cu02,48.25,0.06505
Cu02,48.35000000000001,0.064736
Cu02,48.45,0.06344633333333333
Cu02,48.55,0.060708333333333336
Cu02,48.650000000000006,0.055336333333333335
Cu02,48.75,0.049811666666666664
Cu02,48.85000000000001,0.043561
Cu02,48.95,0.037248666666666666
Cu02,49.05,0.031059666666666666
Cu02,49.150000000000006,0.025046333333333334
Cu02,49.25,0.019603666666666665
Cu02,49.35000000000001,0.014825
Cu02,49.45,0.010949666666666667
Cu02,49.55,0.007968
Cu02,49.650000000000006,0.005677
Cu02,49.75,0.003956
Cu02,49.85000000000001,0.002653
Cu02,49.95,0.001692
Cu02,50.05,0.001051
Cu02,50.150000000000006,0.0006673333333333334
Cu02,50.25,0.0004006666666666667
Cu02,50.35000000000001,0.000228
Cu02,50.45,0.00013
Cu02,50.55,6.766666666666667e-05
Cu02,50.650000000000006,3.366666666666667e-05
Cu02,50.75,1.9333333333333333e-05
Cu02,50.85000000000001,1.0333333333333333e-05
Cu02,50.95,6e-06
Cu02,51.05,3.6666666666666666e-06
Cu02,51.150000000000006,2e-06
Cu02,51.25,1e-06
Cu02,51.35000000000001,1e-06
Cu02,51.45,3.3333333333333335e-07
Al_degrader_B2,41.05,2.2222222222222222e-07
Al_degrader_B2,41.150000000000006,0.0
Al_degrader_B2,41.25,4.4444444444444444e-07
Al_degrader_B2,41.35000000000001,5.555555555555555e-07
Al_degrader_B2,41.45,1e-06
Al_degrader_B2,41.55,2e-06
Al_degrader_B2,41.650000000000006,2.5555555555555557e-06
Al_degrader_B2,41.75,5.333333333333334e-06
Al_degrader_B2,41.85000000000001,1.088888888888889e-05
Al_degrader_B2,41.95,1.6444444444444444e-05
Al_degrader_B2,42.05,3.066666666666667e-05
Al_degrader_B2,42.150000000000006,5.255555555555555e-05
Al_degrader_B2,42.25,7.344444444444445e-05
Al_degrader_B2,42.35000000000001,0.00011811111111111111
Al_degrader_B2,42.45,0.0001878888888888889
Al_degrader_B2,42.55,0.00028022222222222223
Al_degrader_B2,42.650000000000006,0.00042455555555555557
Al_degrader_B2,42.75,0.0005934444444444444
Al_degrader_B2,42.85000000000001,0.0008548888888888889
Al_degrader_B2,42.95,0.0011762222222222222
Al_degrader_B2,43.05,0.0016075555555555556
Al_degrader_B2,43.150000000000006,0.002181111111111111
Al_degrader_B2,43.25,0.002810222222222222
Al_degrader_B2,43.35000000000001,0.003555777777777778
Al_degrader_B2,43.45,0.004475
Al_degrader_B2,43.55,0.005513555555555555
Al_degrader_B2,43.650000000000006,0.006681333333333333
Al_degrader_B2,43.75,0.007993333333333333
Al_degrader_B2,43.85000000000001,0.009182111111111111
Al_degrader_B2,43.95,0.010524333333333333
Al_degrader_B2,44.05,0.011883
Al_degrader_B2,44.150000000000006,0.013281222222222222
Al_degrader_B2,44.25,0.014639444444444445
Al_degrader_B2,44.35000000000001,0.01565877777777778
Al_degrader_B2,44.45,0.016896777777777778
Al_degrader_B2,44.55,0.017763888888888888
Al_degrader_B2,44.650000000000006,0.01864411111111111
Al_degrader_B2,44.75,0.019348777777777777
Al_degrader_B2,44.85000000000001,0.020037333333333334
Al_degrader_B2,44.95,0.020533555555555555
Al_degrader_B2,45.05,0.020885444444444446
Al_degrader_B2,45.150000000000006,0.021141555555555556
Al_degrader_B2,45.25,0.021391777777777777
Al_degrader_B2,45.35000000000001,0.021679555555555556
Al_degrader_B2,45.45,0.021779777777777776
Al_degrader_B2,45.55,0.021809444444444444
Al_degrader_B2,45.650000000000006,0.021948333333333334
Al_degrader_B2,45.75,0.021986222222222223
Al_degrader_B2,45.85000000000001,0.02216377777777778
Al_degrader_B2,45.95,0.022146
Al_degrader_B2,46.05,0.022095333333333335
Al_degrader_B2,46.150000000000006,0.022225444444444444
Al_degrader_B2,46.25,0.022229111111111113
Al_degrader_B2,46.35000000000001,0.022371333333333333
Al_degrader_B2,46.45,0.022344555555555555
Al_degrader_B2,46.55,0.02228611111111111
Al_degrader_B2,46.650000000000006,0.022378444444444444
Al_degrader_B2,46.75,0.022367
Al_degrader_B2,46.85000000000001,0.022491
Al_degrader_B2,46.95,0.022420222222222223
Al_degrader_B2,47.05,0.022326444444444444
Al_degrader_B2,47.150000000000006,0.022268
Al_degrader_B2,47.25,0.022148444444444443
Al_degrader_B2,47.35000000000001,0.02201488888888889
Al_degrader_B2,47.45,0.021758555555555555
Al_degrader_B2,47.55,0.021332777777777777
Al_degrader_B2,47.650000000000006,0.020722555555555557
Al_degrader_B2,47.75,0.020160333333333332
Al_degrader_B2,47.85000000000001,0.019430222222222224
Al_degrader_B2,47.95,0.018444444444444444
Al_degrader_B2,48.05,0.017324333333333334
Al_degrader_B2,48.150000000000006,0.015968555555555555
Al_degrader_B2,48.25,0.014610888888888889
Al_degrader_B2,48.35000000000001,0.013111111111111112
Al_degrader_B2,48.45,0.011697555555555555
Al_degrader_B2,48.55,0.010152888888888888
Al_degrader_B2,48.650000000000006,0.008517888888888889
Al_degrader_B2,48.75,0.00716
Al_degrader_B2,48.85000000000001,0.005823666666666667
Al_degrader_B2,48.95,0.004651444444444444
Al_degrader_B2,49.05,0.0037034444444444445
Al_degrader_B2,49.150000000000006,0.0027684444444444445
Al_degrader_B2,49.25,0.002067222222222222
Al_degrader_B2,49.35000000000001,0.0014904444444444444
Al_degrader_B2,49.45,0.0010511111111111112
Al_degrader_B2,49.55,0.0007318888888888889
Al_degrader_B2,49.650000000000006,0.0005168888888888889
Al_degrader_B2,49.75,0.0003353333333333333
Al_degrader_B2,49.85000000000001,0.0002101111111111111
Al_degrader_B2,49.95,0.0001258888888888889
Al_degrader_B2,50.05,8.177777777777778e-05
Al_degrader_B2,50.150000000000006,4.855555555555556e-05
Al_degrader_B2,50.25,2.7444444444444443e-05
Al_degrader_B2,50.35000000000001,1.5888888888888887e-05
Al_degrader_B2,50.45,8.222222222222222e-06
Al_degrader_B2,50.55,4.111111111111111e-06
Al_degrader_B2,50.650000000000006,2.222222222222222e-06
Al_degrader_B2,50.75,1e-06
Al_degrader_B2,50.85000000000001,1e-06
Al_degrader_B2,50.95,4.4444444444444444e-07
Al_degrader_B2,51.05,2.2222222222222222e-07
Al_degrader_B2,51.150000000000006,0.0
Al_degrader_B2,51.25,1.1111111111111111e-07
Al_degrader_B2,51.35000000000001,1.1111111111111111e-07
Ni03,40.85000000000001,6.666666666666667e-07
Ni03,40.95,6.666666666666667e-07
Ni03,41.05,2e-06
Ni03,41.150000000000006,3e-06
Ni03,41.25,6e-06
Ni03,41.35000000000001,1.1e-05
Ni03,41.45,1.7333333333333332e-05
Ni03,41.55,2.9333333333333333e-05
Ni03,41.650000000000006,5.6666666666666664e-05
Ni03,41.75,9.766666666666666e-05
Ni03,41.85000000000001,0.00017033333333333334
Ni03,41.95,0.00029
Ni03,42.05,0.0004586666666666667
Ni03,42.150000000000006,0.0007023333333333333
Ni03,42.25,0.001087
Ni03,42.35000000000001,0.001643
Ni03,42.45,0.002456
Ni03,42.55,0.0035443333333333334
Ni03,42.650000000000006,0.005046
Ni03,42.75,0.006959666666666667
Ni03,42.85000000000001,0.009507333333333333
Ni03,42.95,0.012566
Ni03,43.05,0.016347
Ni03,43.150000000000006,0.020550666666666665
Ni03,43.25,0.025352666666666666
Ni03,43.35000000000001,0.030555666666666665
Ni03,43.45,0.036098333333333336
Ni03,43.55,0.041926
Ni03,43.650000000000006,0.047275
Ni03,43.75,0.051914
Ni03,43.85000000000001,0.055555
Ni03,43.95,0.058542666666666666
Ni03,44.05,0.06033366666666667
Ni03,44.150000000000006,0.06054466666666666
Ni03,44.25,0.059733666666666664
Ni03,44.35000000000001,0.057285333333333334
Ni03,44.45,0.053733333333333334
Ni03,44.55,0.048869
Ni03,44.650000000000006,0.043741666666666665
Ni03,44.75,0.03827833333333333
Ni03,44.85000000000001,0.03280966666666667
Ni03,44.95,0.027376333333333332
Ni03,45.05,0.022314333333333332
Ni03,45.150000000000006,0.017547666666666666
Ni03,45.25,0.013587
Ni03,45.35000000000001,0.010251666666666666
Ni03,45.45,0.007585333333333334
Ni03,45.55,0.0055453333333333335
Ni03,45.650000000000006,0.003959333333333333
Ni03,45.75,0.0027693333333333333
Ni03,45.85000000000001,0.0018246666666666667
Ni03,45.95,0.001188
Ni03,46.05,0.0007583333333333333
Ni03,46.150000000000006,0.0004953333333333333
Ni03,46.25,0.0003043333333333333
Ni03,46.35000000000001,0.00017133333333333334
Ni03,46.45,9.9e-05
Ni03,46.55,5.433333333333333e-05
Ni03,46.650000000000006,2.7e-05
Ni03,46.75,1.7333333333333332e-05
Ni03,46.85000000000001,9e-06
Ni03,46.95,5.666666666666667e-06
Ni03,47.05,3.3333333333333333e-06
Ni03,47.150000000000006,2e-06
Ni03,47.25,1e-06
Ni03,47.35000000000001,6.666666666666667e-07
Ni03,47.45,6.666666666666667e-07
Ni03,47.55,3.3333333333333335e-07
Sn03,40.55,6.666666666666667e-07
Sn03,40.650000000000006,3.3333333333333335e-07
Sn03,40.75,1e-06
Sn03,40.85000000000001,3.6666666666666666e-06
Sn03,40.95,3.6666666666666666e-06
Sn03,41.05,8.333333333333334e-06
Sn03,41.150000000000006,1.4333333333333334e-05
Sn03,41.25,2.3333333333333332e-05
Sn03,41.35000000000001,4.5333333333333335e-05
Sn03,41.45,7.166666666666667e-05
Sn03,41.55,0.000135
Sn03,41.650000000000006,0.000232
Sn03,41.75,0.0003623333333333333
Sn03,41.85000000000001,0.0005713333333333333
Sn03,41.95,0.000873
Sn03,42.05,0.0013206666666666666
Sn03,42.150000000000006,0.0020146666666666668
Sn03,42.25,0.0029196666666666668
Sn03,42.35000000000001,0.004166
Sn03,42.45,0.005799333333333333
Sn03,42.55,0.008010333333333333
Sn03,42.650000000000006,0.010780666666666666
Sn03,42.75,0.014013333333333333
Sn03,42.85000000000001,0.017818
Sn03,42.95,0.022343333333333333
Sn03,43.05,0.027180666666666665
Sn03,43.150000000000006,0.03234133333333333
Sn03,43.25,0.03792966666666667
Sn03,43.35000000000001,0.04359533333333333
Sn03,43.45,0.048584
Sn03,43.55,0.053095
Sn03,43.650000000000006,0.05625733333333333
Sn03,43.75,0.05878166666666667
Sn03,43.85000000000001,0.059866333333333334
Sn03,43.95,0.060092
Sn03,44.05,0.058203333333333336
Sn03,44.150000000000006,0.05578233333333334
Sn03,44.25,0.051995
Sn03,44.35000000000001,0.047052666666666666
Sn03,44.45,0.041798
Sn03,44.55,0.036484333333333334
Sn03,44.650000000000006,0.031159333333333334
Sn03,44.75,0.025808666666666667
Sn03,44.85000000000001,0.020787666666666666
Sn03,44.95,0.016457333333333334
Sn03,45.05,0.012653
Sn03,45.150000000000006,0.009585333333333333
Sn03,45.25,0.00706
Sn03,45.35000000000001,0.005127
Sn03,45.45,0.003663
Sn03,45.55,0.002538
Sn03,45.650000000000006,0.0016933333333333334
Sn03,45.75,0.0010993333333333332
Sn03,45.85000000000001,0.0006903333333333334
Sn03,45.95,0.0004603333333333333
Sn03,46.05,0.000279
Sn03,46.150000000000006,0.00016266666666666667
Sn03,46.25,9.366666666666666e-05
Sn03,46.35000000000001,4.8333333333333334e-05
Sn03,46.45,2.4e-05
Sn03,46.55,1.7e-05
Sn03,46.650000000000006,9e-06
Sn03,46.75,5.333333333333334e-06
Sn03,46.85000000000001,3e-06
Sn03,46.95,2e-06
Sn03,47.05,1.3333333333333334e-06
Sn03,47.150000000000006,3.3333333333333335e-07
Sn03,47.25,3.3333333333333335e-07
Sn03,47.35000000000001,3.3333333333333335e-07
Ta03,40.35000000000001,6.666666666666667e-07
Ta03,40.45,6.666666666666667e-07
Ta03,40.55,1.3333333333333334e-06
Ta03,40.650000000000006,2.666666666666667e-06
Ta03,40.75,5e-06
Ta03,40.85000000000001,9.333333333333333e-06
Ta03,40.95,1.3666666666666667e-05
Ta03,41.05,2.5e-05
Ta03,41.150000000000006,4.633333333333333e-05
Ta03,41.25,8.033333333333334e-05
Ta03,41.35000000000001,0.00014166666666666668
Ta03,41.45,0.00024766666666666665
Ta03,41.55,0.00039233333333333335
Ta03,41.650000000000006,0.0006026666666666667
Ta03,41.75,0.0009106666666666667
Ta03,41.85000000000001,0.0014026666666666666
Ta03,41.95,0.002106666666666667
Ta03,42.05,0.0030663333333333332
Ta03,42.150000000000006,0.004405666666666666
Ta03,42.25,0.006099666666666666
Ta03,42.35000000000001,0.008377333333333334
Ta03,42.45,0.011231666666666666
Ta03,42.55,0.014674666666666667
Ta03,42.650000000000006,0.018607
Ta03,42.75,0.023092333333333333
Ta03,42.85000000000001,0.028133333333333333
Ta03,42.95,0.033458666666666664
Ta03,43.05,0.038929
Ta03,43.150000000000006,0.04470433333333333
Ta03,43.25,0.04971966666666667
Ta03,43.35000000000001,0.05386333333333333
Ta03,43.45,0.056992666666666664
Ta03,43.55,0.059435666666666664
Ta03,43.650000000000006,0.06025266666666667
Ta03,43.75,0.05984066666666667
Ta03,43.85000000000001,0.058546666666666664
Ta03,43.95,0.05533766666666667
Ta03,44.05,0.05090533333333333
Ta03,44.150000000000006,0.046108666666666666
Ta03,44.25,0.040846
Ta03,44.35000000000001,0.035353666666666665
Ta03,44.45,0.030051333333333333
Ta03,44.55,0.024768333333333333
Ta03,44.650000000000006,0.019922333333333334
Ta03,44.75,0.015425666666666667
Ta03,44.85000000000001,0.01188
Ta03,44.95,0.008935
Ta03,45.05,0.006508
Ta03,45.150000000000006,0.004777
Ta03,45.25,0.0033846666666666665
Ta03,45.35000000000001,0.002311333333333333
Ta03,45.45,0.0015093333333333332
Ta03,45.55,0.000962
Ta03,45.650000000000006,0.000643
Ta03,45.75,0.00039
Ta03,45.85000000000001,0.00024066666666666667
Ta03,45.95,0.00014566666666666667
Ta03,46.05,7.833333333333333e-05
Ta03,46.150000000000006,4.133333333333333e-05
Ta03,46.25,2.2666666666666668e-05
Ta03,46.35000000000001,1.2666666666666667e-05
Ta03,46.45,7e-06
Ta03,46.55,4.666666666666666e-06
Ta03,46.650000000000006,3.3333333333333333e-06
Ta03,46.75,1.6666666666666667e-06
Ta03,46.85000000000001,6.666666666666667e-07
Ta03,46.95,1e-06
Ta03,47.05,3.3333333333333335e-07
Cu03,40.150000000000006,6.666666666666667e-07
Cu03,40.25,6.666666666666667e-07
Cu03,40.35000000000001,1.3333333333333334e-06
Cu03,40.45,2.666666666666667e-06
Cu03,40.55,5e-06
Cu03,40.650000000000006,8.666666666666666e-06
Cu03,40.75,1.2666666666666667e-05
Cu03,40.85000000000001,2.3666666666666668e-05
Cu03,40.95,4.4e-05
Cu03,41.05,7.533333333333334e-05
Cu03,41.150000000000006,0.00013433333333333334
Cu03,41.25,0.00023433333333333333
Cu03,41.35000000000001,0.0003806666666666667
Cu03,41.45,0.0005733333333333334
Cu03,41.55,0.000864
Cu03,41.650000000000006,0.0013463333333333333
Cu03,41.75,0.0020066666666666666
Cu03,41.85000000000001,0.0029346666666666666
Cu03,41.95,0.004175666666666667
Cu03,42.05,0.005836
Cu03,42.150000000000006,0.008015333333333333
Cu03,42.25,0.010789333333333333
Cu03,42.35000000000001,0.014073666666666667
Cu03,42.45,0.017946
Cu03,42.55,0.022311666666666667
Cu03,42.650000000000006,0.027203333333333333
Cu03,42.75,0.03249266666666667
Cu03,42.85000000000001,0.03790866666666667
Cu03,42.95,0.043595
Cu03,43.05,0.04870733333333333
Cu03,43.150000000000006,0.053102333333333335
Cu03,43.25,0.056313666666666665
Cu03,43.35000000000001,0.058793333333333336
Cu03,43.45,0.059895
Cu03,43.55,0.05973666666666667
Cu03,43.650000000000006,0.05842233333333333
Cu03,43.75,0.055771
Cu03,43.85000000000001,0.05199
Cu03,43.95,0.046925666666666664
Cu03,44.05,0.04185333333333333
Cu03,44.150000000000006,0.036416333333333335
Cu03,44.25,0.031099666666666668
Cu03,44.35000000000001,0.025761
Cu03,44.45,0.020891
Cu03,44.55,0.016246666666666666
Cu03,44.650000000000006,0.012626
Cu03,44.75,0.009515666666666667
Cu03,44.85000000000001,0.007037333333333333
Cu03,44.95,0.005130333333333333
Cu03,45.05,0.0036576666666666667
Cu03,45.150000000000006,0.002554
Cu03,45.25,0.0016766666666666666
Cu03,45.35000000000001,0.0010753333333333333
Cu03,45.45,0.0007143333333333333
Cu03,45.55,0.00045
Cu03,45.650000000000006,0.0002776666666666667
Cu03,45.75,0.00015533333333333333
Cu03,45.85000000000001,9.4e-05
Cu03,45.95,5.066666666666667e-05
Cu03,46.05,2.7e-05
Cu03,46.150000000000006,1.4333333333333334e-05
Cu03,46.25,9.333333333333333e-06
Cu03,46.35000000000001,5.333333333333334e-06
Cu03,46.45,3e-06
Cu03,46.55,2e-06
Cu03,46.650000000000006,6.666666666666667e-07
Cu03,46.75,6.666666666666667e-07
Cu03,46.85000000000001,6.666666666666667e-07
Cu03,46.95,3.3333333333333335e-07
Al_degrader_C5,37.25,2.857142857142857e-07
Al_degrader_C5,37.35,0.0
Al_degrader_C5,37.45,2.857142857142857e-07
Al_degrader_C5,37.55,4.2857142857142857e-07
Al_degrader_C5,37.650000000000006,8.571428571428571e-07
Al_degrader_C5,37.75,2.1428571428571427e-06
Al_degrader_C5,37.85,2.1428571428571427e-06
Al_degrader_C5,37.95,3.5714285714285714e-06
Al_degrader_C5,38.05,7.428571428571428e-06
Al_degrader_C5,38.150000000000006,1.3857142857142858e-05
Al_degrader_C5,38.25,2e-05
Al_degrader_C5,38.35000000000001,3.6285714285714285e-05
Al_degrader_C5,38.45,6.085714285714286e-05
Al_degrader_C5,38.55,8.428571428571429e-05
Al_degrader_C5,38.650000000000006,0.000133
Al_degrader_C5,38.75,0.0001977142857142857
Al_degrader_C5,38.85000000000001,0.000305
Al_degrader_C5,38.95,0.00044385714285714287
Al_degrader_C5,39.05,0.0006152857142857143
Al_degrader_C5,39.150000000000006,0.0008728571428571429
Al_degrader_C5,39.25,0.0012214285714285714
Al_degrader_C5,39.35000000000001,0.0016447142857142858
Al_degrader_C5,39.45,0.0022418571428571427
Al_degrader_C5,39.55,0.002870285714285714
Al_degrader_C5,39.650000000000006,0.0037147142857142856
Al_degrader_C5,39.75,0.0046515714285714285
Al_degrader_C5,39.85000000000001,0.005852142857142857
Al_degrader_C5,39.95,0.007115714285714286
Al_degrader_C5,40.05,0.008526714285714285
Al_degrader_C5,40.150000000000006,0.010135857142857143
Al_degrader_C5,40.25,0.011943
Al_degrader_C5,40.35000000000001,0.013564857142857142
Al_degrader_C5,40.45,0.015381571428571428
Al_degrader_C5,40.55,0.01720285714285714
Al_degrader_C5,40.650000000000006,0.019128714285714287
Al_degrader_C5,40.75,0.02068285714285714
Al_degrader_C5,40.85000000000001,0.022270428571428573
Al_degrader_C5,40.95,0.023904285714285715
Al_degrader_C5,41.05,0.02519257142857143
Al_degrader_C5,41.150000000000006,0.026470285714285714
Al_degrader_C5,41.25,0.027414
Al_degrader_C5,41.35000000000001,0.02839542857142857
Al_degrader_C5,41.45,0.029011571428571428
Al_degrader_C5,41.55,0.029800857142857143
Al_degrader_C5,41.650000000000006,0.030089571428571427
Al_degrader_C5,41.75,0.030368714285714287
Al_degrader_C5,41.85000000000001,0.030908
Al_degrader_C5,41.95,0.030955714285714284
Al_degrader_C5,42.05,0.031201857142857142
Al_degrader_C5,42.150000000000006,0.03101
Al_degrader_C5,42.25,0.03109114285714286
Al_degrader_C5,42.35000000000001,0.030856
Al_degrader_C5,42.45,0.030780714285714286
Al_degrader_C5,42.55,0.03024157142857143
Al_degrader_C5,42.650000000000006,0.02959485714285714
Al_degrader_C5,42.75,0.029185
Al_degrader_C5,42.85000000000001,0.02820142857142857
Al_degrader_C5,42.95,0.027378142857142858
Al_degrader_C5,43.05,0.025871857142857144
Al_degrader_C5,43.150000000000006,0.02464
Al_degrader_C5,43.25,0.022952
Al_degrader_C5,43.35000000000001,0.021258142857142857
Al_degrader_C5,43.45,0.019298285714285716
Al_degrader_C5,43.55,0.017406571428571428
Al_degrader_C5,43.650000000000006,0.015558428571428572
Al_degrader_C5,43.75,0.013485857142857143
Al_degrader_C5,43.85000000000001,0.011628571428571429
Al_degrader_C5,43.95,0.009681
Al_degrader_C5,44.05,0.008116
Al_degrader_C5,44.150000000000006,0.006566142857142857
Al_degrader_C5,44.25,0.005334285714285714
Al_degrader_C5,44.35000000000001,0.004053142857142857
Al_degrader_C5,44.45,0.003147
Al_degrader_C5,44.55,0.0023524285714285713
Al_degrader_C5,44.650000000000006,0.0017467142857142857
Al_degrader_C5,44.75,0.0012415714285714285
Al_degrader_C5,44.85000000000001,0.000878
Al_degrader_C5,44.95,0.0006318571428571429
Al_degrader_C5,45.05,0.00042657142857142855
Al_degrader_C5,45.150000000000006,0.00027414285714285713
Al_degrader_C5,45.25,0.00016585714285714286
Al_degrader_C5,45.35000000000001,0.00011442857142857142
Al_degrader_C5,45.45,7.371428571428572e-05
Al_degrader_C5,45.55,4e-05
Al_degrader_C5,45.650000000000006,2.5714285714285714e-05
Al_degrader_C5,45.75,1.4e-05
Al_degrader_C5,45.85000000000001,6.428571428571429e-06
Al_degrader_C5,45.95,4.571428571428571e-06
Al_degrader_C5,46.05,2.2857142857142856e-06
Al_degrader_C5,46.150000000000006,1e-06
Al_degrader_C5,46.25,1e-06
Al_degrader_C5,46.35000000000001,7.142857142857143e-07
Al_degrader_C5,46.45,2.857142857142857e-07
Al_degrader_C5,46.55,0.0
Al_degrader_C5,46.650000000000006,1.4285714285714285e-07
Al_degrader_C5,46.75,1.4285714285714285e-07
Ni04,37.05,6.666666666666667e-07
Ni04,37.150000000000006,6.666666666666667e-07
Ni04,37.25,1.3333333333333334e-06
Ni04,37.35,2.666666666666667e-06
Ni04,37.45,4.666666666666666e-06
Ni04,37.55,6.666666666666667e-06
Ni04,37.650000000000006,1.1666666666666666e-05
Ni04,37.75,1.9e-05
Ni04,37.85,3.4e-05
Ni04,37.95,5.633333333333333e-05
Ni04,38.05,9.766666666666666e-05
Ni04,38.150000000000006,0.00016833333333333332
Ni04,38.25,0.00026733333333333334
Ni04,38.35000000000001,0.000414
Ni04,38.45,0.0006183333333333334
Ni04,38.55,0.0009183333333333333
Ni04,38.650000000000006,0.001354
Ni04,38.75,0.001995
Ni04,38.85000000000001,0.0028873333333333333
Ni04,38.95,0.003973333333333333
Ni04,39.05,0.005437
Ni04,39.150000000000006,0.007366333333333333
Ni04,39.25,0.009795
Ni04,39.35000000000001,0.012579333333333333
Ni04,39.45,0.015952
Ni04,39.55,0.019644
Ni04,39.650000000000006,0.023980333333333333
Ni04,39.75,0.028555
Ni04,39.85000000000001,0.03339333333333333
Ni04,39.95,0.038539
Ni04,40.05,0.04312033333333333
Ni04,40.150000000000006,0.04733
Ni04,40.25,0.051374
Ni04,40.35000000000001,0.05383366666666667
Ni04,40.45,0.055945
Ni04,40.55,0.05694933333333333
Ni04,40.650000000000006,0.05636833333333333
Ni04,40.75,0.055285
Ni04,40.85000000000001,0.05288
Ni04,40.95,0.049513666666666664
Ni04,41.05,0.04512733333333333
Ni04,41.150000000000006,0.04050666666666667
Ni04,41.25,0.03570966666666667
Ni04,41.35000000000001,0.030753333333333334
Ni04,41.45,0.026102
Ni04,41.55,0.021592333333333335
Ni04,41.650000000000006,0.017429666666666666
Ni04,41.75,0.013579666666666667
Ni04,41.85000000000001,0.010537
Ni04,41.95,0.008008666666666667
Ni04,42.05,0.005970333333333334
Ni04,42.150000000000006,0.004399333333333333
Ni04,42.25,0.0031683333333333333
Ni04,42.35000000000001,0.002229
Ni04,42.45,0.0015
Ni04,42.55,0.0009806666666666666
Ni04,42.650000000000006,0.000657
Ni04,42.75,0.0004313333333333333
Ni04,42.85000000000001,0.0002686666666666667
Ni04,42.95,0.00015866666666666666
Ni04,43.05,9.433333333333333e-05
Ni04,43.150000000000006,5.1e-05
Ni04,43.25,2.9333333333333333e-05
Ni04,43.35000000000001,1.7666666666666668e-05
Ni04,43.45,1.0333333333333333e-05
Ni04,43.55,5.333333333333334e-06
Ni04,43.650000000000006,5e-06
Ni04,43.75,2e-06
Ni04,43.85000000000001,1.6666666666666667e-06
Ni04,43.95,6.666666666666667e-07
Ni04,44.05,6.666666666666667e-07
Ni04,44.150000000000006,3.3333333333333335e-07
Sn04,36.75,6.666666666666667e-07
Sn04,36.85,3.3333333333333335e-07
Sn04,36.95,1e-06
Sn04,37.05,2.666666666666667e-06
Sn04,37.150000000000006,3.6666666666666666e-06
Sn04,37.25,6e-06
Sn04,37.35,1.0666666666666667e-05
Sn04,37.45,1.7333333333333332e-05
Sn04,37.55,2.7666666666666667e-05
Sn04,37.650000000000006,5.1666666666666664e-05
Sn04,37.75,8.333333333333333e-05
Sn04,37.85,0.00013833333333333333
Sn04,37.95,0.00024333333333333333
Sn04,38.05,0.00035066666666666666
Sn04,38.150000000000006,0.000545
Sn04,38.25,0.000803
Sn04,38.35000000000001,0.001201
Sn04,38.45,0.0017586666666666666
Sn04,38.55,0.00249
Sn04,38.650000000000006,0.0034926666666666665
Sn04,38.75,0.004831666666666666
Sn04,38.85000000000001,0.006547
Sn04,38.95,0.008723333333333333
Sn04,39.05,0.011234666666666667
Sn04,39.150000000000006,0.014450666666666667
Sn04,39.25,0.017886666666666665
Sn04,39.35000000000001,0.021879666666666665
Sn04,39.45,0.026235333333333333
Sn04,39.55,0.030817666666666667
Sn04,39.650000000000006,0.03568366666666667
Sn04,39.75,0.040793
Sn04,39.85000000000001,0.045053
Sn04,39.95,0.049189
Sn04,40.05,0.052037
Sn04,40.150000000000006,0.054425666666666664
Sn04,40.25,0.05595033333333333
Sn04,40.35000000000001,0.05621366666666667
Sn04,40.45,0.05568733333333333
Sn04,40.55,0.054017
Sn04,40.650000000000006,0.05046433333333333
Sn04,40.75,0.047384666666666665
Sn04,40.85000000000001,0.042759
Sn04,40.95,0.038134666666666664
Sn04,41.05,0.03333833333333333
Sn04,41.150000000000006,0.028814
Sn04,41.25,0.024049
Sn04,41.35000000000001,0.019507666666666666
Sn04,41.45,0.015891
Sn04,41.55,0.012312333333333333
Sn04,41.650000000000006,0.00954
Sn04,41.75,0.007160333333333334
Sn04,41.85000000000001,0.005360333333333333
Sn04,41.95,0.003967333333333333
Sn04,42.05,0.002791
Sn04,42.150000000000006,0.001945
Sn04,42.25,0.001309
Sn04,42.35000000000001,0.0008816666666666667
Sn04,42.45,0.0005626666666666667
Sn04,42.55,0.000374
Sn04,42.650000000000006,0.00024166666666666667
Sn04,42.75,0.00013466666666666667
Sn04,42.85000000000001,8.5e-05
Sn04,42.95,4.633333333333333e-05
Sn04,43.05,2.3e-05
Sn04,43.150000000000006,1.633333333333333e-05
Sn04,43.25,9e-06
Sn04,43.35000000000001,4.666666666666666e-06
Sn04,43.45,4.333333333333333e-06
Sn04,43.55,1.3333333333333334e-06
Sn04,43.650000000000006,1.6666666666666667e-06
Sn04,43.75,6.666666666666667e-07
Sn04,43.85000000000001,6.666666666666667e-07
Sn04,43.95,3.3333333333333335e-07
Ta04,36.55,6.666666666666667e-07
Ta04,36.650000000000006,6.666666666666667e-07
Ta04,36.75,1.3333333333333334e-06
Ta04,36.85,2.333333333333333e-06
Ta04,36.95,5e-06
Ta04,37.05,8e-06
Ta04,37.150000000000006,1.1333333333333334e-05
Ta04,37.25,1.8333333333333333e-05
Ta04,37.35,3.1666666666666666e-05
Ta04,37.45,5.6e-05
Ta04,37.55,9.633333333333333e-05
Ta04,37.650000000000006,0.000161
Ta04,37.75,0.000264
Ta04,37.85,0.0004023333333333333
Ta04,37.95,0.000609
Ta04,38.05,0.0008786666666666667
Ta04,38.150000000000006,0.0013253333333333333
Ta04,38.25,0.001936
Ta04,38.35000000000001,0.0027503333333333334
Ta04,38.45,0.003834
Ta04,38.55,0.005260666666666667
Ta04,38.650000000000006,0.007101666666666667
Ta04,38.75,0.009442
Ta04,38.85000000000001,0.012172666666666667
Ta04,38.95,0.015431666666666666
Ta04,39.05,0.019003333333333334
Ta04,39.150000000000006,0.023237666666666667
Ta04,39.25,0.027642666666666666
Ta04,39.35000000000001,0.03244933333333333
Ta04,39.45,0.037138
Ta04,39.55,0.042309
Ta04,39.650000000000006,0.04665166666666667
Ta04,39.75,0.050320666666666666
Ta04,39.85000000000001,0.053072666666666664
Ta04,39.95,0.05529866666666667
Ta04,40.05,0.05644966666666667
Ta04,40.150000000000006,0.056118666666666664
Ta04,40.25,0.05529833333333333
Ta04,40.35000000000001,0.053241666666666666
Ta04,40.45,0.05001066666666667
Ta04,40.55,0.045773666666666664
Ta04,40.650000000000006,0.04130966666666667
Ta04,40.75,0.03660533333333333
Ta04,40.85000000000001,0.03179333333333333
Ta04,40.95,0.027227333333333333
Ta04,41.05,0.02254
Ta04,41.150000000000006,0.018317666666666666
Ta04,41.25,0.014439
Ta04,41.35000000000001,0.011273
Ta04,41.45,0.008632333333333334
Ta04,41.55,0.0064526666666666664
Ta04,41.650000000000006,0.0048003333333333335
Ta04,41.75,0.003499
Ta04,41.85000000000001,0.0024903333333333335
Ta04,41.95,0.001686
Ta04,42.05,0.0011163333333333333
Ta04,42.150000000000006,0.000736
Ta04,42.25,0.0004926666666666666
Ta04,42.35000000000001,0.00031
Ta04,42.45,0.000192
Ta04,42.55,0.00011766666666666666
Ta04,42.650000000000006,6.666666666666667e-05
Ta04,42.75,3.4e-05
Ta04,42.85000000000001,2.1e-05
Ta04,42.95,1.1666666666666666e-05
Ta04,43.05,7e-06
Ta04,43.150000000000006,4.333333333333333e-06
Ta04,43.25,3.3333333333333333e-06
Ta04,43.35000000000001,1.6666666666666667e-06
Ta04,43.45,6.666666666666667e-07
Ta04,43.55,6.666666666666667e-07
Ta04,43.650000000000006,6.666666666666667e-07
Ta04,43.75,3.3333333333333335e-07
Cu04,36.35,6.666666666666667e-07
Cu04,36.45,6.666666666666667e-07
Cu04,36.55,1.3333333333333334e-06
Cu04,36.650000000000006,2.666666666666667e-06
Cu04,36.75,4.666666666666666e-06
Cu04,36.85,8.666666666666666e-06
Cu04,36.95,1.1333333333333334e-05
Cu04,37.05,1.9e-05
Cu04,37.150000000000006,3.3e-05
Cu04,37.25,5.8e-05
Cu04,37.35,9.733333333333333e-05
Cu04,37.45,0.00016333333333333334
Cu04,37.55,0.00027133333333333333
Cu04,37.650000000000006,0.000406
Cu04,37.75,0.000605
Cu04,37.85,0.0008886666666666666
Cu04,37.95,0.0013283333333333333
Cu04,38.05,0.001936
Cu04,38.150000000000006,0.0027626666666666667
Cu04,38.25,0.003827
Cu04,38.35000000000001,0.005219666666666667
Cu04,38.45,0.007049333333333334
Cu04,38.55,0.009377
Cu04,38.650000000000006,0.012062333333333333
Cu04,38.75,0.015312333333333334
Cu04,38.85000000000001,0.018827666666666666
Cu04,38.95,0.023003
Cu04,39.05,0.027374333333333334
Cu04,39.150000000000006,0.03210933333333333
Cu04,39.25,0.036797666666666666
Cu04,39.35000000000001,0.04190733333333333
Cu04,39.45,0.046172333333333336
Cu04,39.55,0.049950666666666664
Cu04,39.650000000000006,0.052707
Cu04,39.75,0.05489
Cu04,39.85000000000001,0.056102
Cu04,39.95,0.05595233333333333
Cu04,40.05,0.05524066666666667
Cu04,40.150000000000006,0.053124333333333336
Cu04,40.25,0.05019033333333334
Cu04,40.35000000000001,0.045907666666666666
Cu04,40.45,0.04156733333333333
Cu04,40.55,0.03689666666666667
Cu04,40.650000000000006,0.03217366666666667
Cu04,40.75,0.027589333333333334
Cu04,40.85000000000001,0.022986333333333334
Cu04,40.95,0.018748333333333332
Cu04,41.05,0.014751
Cu04,41.150000000000006,0.011592333333333333
Cu04,41.25,0.008912333333333333
Cu04,41.35000000000001,0.0067
Cu04,41.45,0.004995
Cu04,41.55,0.0036506666666666666
Cu04,41.650000000000006,0.0026156666666666667
Cu04,41.75,0.0017716666666666666
Cu04,41.85000000000001,0.0011976666666666668
Cu04,41.95,0.0007836666666666667
Cu04,42.05,0.0005283333333333333
Cu04,42.150000000000006,0.000337
Cu04,42.25,0.00020333333333333333
Cu04,42.35000000000001,0.00012866666666666666
Cu04,42.45,7.1e-05
Cu04,42.55,4.133333333333333e-05
Cu04,42.650000000000006,2.2333333333333332e-05
Cu04,42.75,1.3e-05
Cu04,42.85000000000001,7.666666666666667e-06
Cu04,42.95,5e-06
Cu04,43.05,3.3333333333333333e-06
Cu04,43.150000000000006,1.6666666666666667e-06
Cu04,43.25,1e-06
Cu04,43.35000000000001,6.666666666666667e-07
Cu04,43.45,6.666666666666667e-07
Cu04,43.55,3.3333333333333335e-07
Al_degrader_E8_E1,34.75,5e-07
Al_degrader_E8_E1,34.85,0.0
Al_degrader_E8_E1,34.95,5e-07
Al_degrader_E8_E1,35.05,1.5e-06
Al_degrader_E8_E1,35.150000000000006,1.75e-06
Al_degrader_E8_E1,35.25,3.25e-06
Al_degrader_E8_E1,35.35,4e-06
Al_degrader_E8_E1,35.45,7.25e-06
Al_degrader_E8_E1,35.55,1.3e-05
Al_degrader_E8_E1,35.650000000000006,2.275e-05
Al_degrader_E8_E1,35.75,3.425e-05
Al_degrader_E8_E1,35.85,6.075e-05
Al_degrader_E8_E1,35.95,9.5e-05
Al_degrader_E8_E1,36.05,0.0001385
Al_degrader_E8_E1,36.150000000000006,0.00019625
Al_degrader_E8_E1,36.25,0.00030325
Al_degrader_E8_E1,36.35,0.0004515
Al_degrader_E8_E1,36.45,0.000636
Al_degrader_E8_E1,36.55,0.000903
Al_degrader_E8_E1,36.650000000000006,0.0012325
Al_degrader_E8_E1,36.75,0.0017315
Al_degrader_E8_E1,36.85,0.0022845
Al_degrader_E8_E1,36.95,0.003102
Al_degrader_E8_E1,37.05,0.004078
Al_degrader_E8_E1,37.150000000000006,0.00510825
Al_degrader_E8_E1,37.25,0.006481
Al_degrader_E8_E1,37.35,0.00800575
Al_degrader_E8_E1,37.45,0.0099015
Al_degrader_E8_E1,37.55,0.01197475
Al_degrader_E8_E1,37.650000000000006,0.014103
Al_degrader_E8_E1,37.75,0.01656975
Al_degrader_E8_E1,37.85,0.01937125
Al_degrader_E8_E1,37.95,0.02181175
Al_degrader_E8_E1,38.05,0.02457775
Al_degrader_E8_E1,38.150000000000006,0.0272925
Al_degrader_E8_E1,38.25,0.0299405
Al_degrader_E8_E1,38.35000000000001,0.032721
Al_degrader_E8_E1,38.45,0.03466525
Al_degrader_E8_E1,38.55,0.03711325
Al_degrader_E8_E1,38.650000000000006,0.03870325
Al_degrader_E8_E1,38.75,0.04017675
Al_degrader_E8_E1,38.85000000000001,0.04138075
Al_degrader_E8_E1,38.95,0.0419165
Al_degrader_E8_E1,39.05,0.04243625
Al_degrader_E8_E1,39.150000000000006,0.04217675
Al_degrader_E8_E1,39.25,0.04178775
Al_degrader_E8_E1,39.35000000000001,0.040787
Al_degrader_E8_E1,39.45,0.039214
Al_degrader_E8_E1,39.55,0.03781075
Al_degrader_E8_E1,39.650000000000006,0.03560875
Al_degrader_E8_E1,39.75,0.03337475
Al_degrader_E8_E1,39.85000000000001,0.03054875
Al_degrader_E8_E1,39.95,0.0278615
Al_degrader_E8_E1,40.05,0.02539175
Al_degrader_E8_E1,40.150000000000006,0.02229275
Al_degrader_E8_E1,40.25,0.01956675
Al_degrader_E8_E1,40.35000000000001,0.0165705
Al_degrader_E8_E1,40.45,0.0142155
Al_degrader_E8_E1,40.55,0.01177
Al_degrader_E8_E1,40.650000000000006,0.0096695
Al_degrader_E8_E1,40.75,0.00794675
Al_degrader_E8_E1,40.85000000000001,0.00606875
Al_degrader_E8_E1,40.95,0.004804
Al_degrader_E8_E1,41.05,0.00365075
Al_degrader_E8_E1,41.150000000000006,0.0027245
Al_degrader_E8_E1,41.25,0.00198625
Al_degrader_E8_E1,41.35000000000001,0.00145225
Al_degrader_E8_E1,41.45,0.00105575
Al_degrader_E8_E1,41.55,0.0007335
Al_degrader_E8_E1,41.650000000000006,0.000496
Al_degrader_E8_E1,41.75,0.000306
Al_degrader_E8_E1,41.85000000000001,0.00022525
Al_degrader_E8_E1,41.95,0.000135
Al_degrader_E8_E1,42.05,8.575e-05
Al_degrader_E8_E1,42.150000000000006,5.425e-05
Al_degrader_E8_E1,42.25,3.15e-05
Al_degrader_E8_E1,42.35000000000001,2.1e-05
Al_degrader_E8_E1,42.45,9.25e-06
Al_degrader_E8_E1,42.55,5.75e-06
Al_degrader_E8_E1,42.650000000000006,3.75e-06
Al_degrader_E8_E1,42.75,1.75e-06
Al_degrader_E8_E1,42.85000000000001,1.25e-06
Al_degrader_E8_E1,42.95,1e-06
Al_degrader_E8_E1,43.05,5e-07
Al_degrader_E8_E1,43.150000000000006,0.0
Al_degrader_E8_E1,43.25,2.5e-07
Al_degrader_E8_E1,43.35000000000001,2.5e-07
Ni05,34.45,6.666666666666667e-07
Ni05,34.55,3.3333333333333335e-07
Ni05,34.650000000000006,6.666666666666667e-07
Ni05,34.75,2e-06
Ni05,34.85,2.666666666666667e-06
Ni05,34.95,5.333333333333334e-06
Ni05,35.05,9.333333333333333e-06
Ni05,35.150000000000006,1.3333333333333333e-05
Ni05,35.25,2.0333333333333334e-05
Ni05,35.35,3.5e-05
Ni05,35.45,6.2e-05
Ni05,35.55,9.933333333333334e-05
Ni05,35.650000000000006,0.00016233333333333334
Ni05,35.75,0.00025866666666666665
Ni05,35.85,0.000391
Ni05,35.95,0.000569
Ni05,36.05,0.000843
Ni05,36.150000000000006,0.0012013333333333333
Ni05,36.25,0.0017816666666666666
Ni05,36.35,0.002462666666666667
Ni05,36.45,0.0033796666666666667
Ni05,36.55,0.004631333333333334
Ni05,36.650000000000006,0.006165
Ni05,36.75,0.008141333333333334
Ni05,36.85,0.010586
Ni05,36.95,0.013386333333333333
Ni05,37.05,0.016560666666666668
Ni05,37.150000000000006,0.020094
Ni05,37.25,0.024085666666666665
Ni05,37.35,0.028290333333333334
Ni05,37.45,0.032788333333333336
Ni05,37.55,0.03747233333333334
Ni05,37.650000000000006,0.041811
Ni05,37.75,0.04523733333333333
Ni05,37.85,0.049006
Ni05,37.95,0.05130966666666667
Ni05,38.05,0.053368
Ni05,38.150000000000006,0.054240333333333335
Ni05,38.25,0.053894333333333336
Ni05,38.35000000000001,0.053248666666666666
Ni05,38.45,0.051276
Ni05,38.55,0.048396666666666664
Ni05,38.650000000000006,0.04444533333333334
Ni05,38.75,0.040494666666666665
Ni05,38.85000000000001,0.03607233333333333
Ni05,38.95,0.031672
Ni05,39.05,0.027443
Ni05,39.150000000000006,0.023020333333333334
Ni05,39.25,0.019027333333333334
Ni05,39.35000000000001,0.015163333333333332
Ni05,39.45,0.012126666666666666
Ni05,39.55,0.009409
Ni05,39.650000000000006,0.007161333333333333
Ni05,39.75,0.005453
Ni05,39.85000000000001,0.004051333333333333
Ni05,39.95,0.0029293333333333333
Ni05,40.05,0.0020783333333333335
Ni05,40.150000000000006,0.001435
Ni05,40.25,0.000954
Ni05,40.35000000000001,0.0006496666666666667
Ni05,40.45,0.0004293333333333333
Ni05,40.55,0.00027833333333333334
Ni05,40.650000000000006,0.00016733333333333333
Ni05,40.75,0.00010466666666666667
Ni05,40.85000000000001,6.0666666666666666e-05
Ni05,40.95,3.366666666666667e-05
Ni05,41.05,1.9666666666666666e-05
Ni05,41.150000000000006,1.1333333333333334e-05
Ni05,41.25,7.333333333333333e-06
Ni05,41.35000000000001,4.666666666666666e-06
Ni05,41.45,3e-06
Ni05,41.55,1.6666666666666667e-06
Ni05,41.650000000000006,1e-06
Ni05,41.75,6.666666666666667e-07
Ni05,41.85000000000001,6.666666666666667e-07
Ni05,41.95,3.3333333333333335e-07
Sn05,34.35,3.3333333333333335e-07
Sn05,34.45,1.6666666666666667e-06
Sn05,34.55,0.0
Sn05,34.650000000000006,2.333333333333333e-06
Sn05,34.75,4.666666666666666e-06
Sn05,34.85,4.666666666666666e-06
Sn05,34.95,1.1666666666666666e-05
Sn05,35.05,1.4333333333333334e-05
Sn05,35.150000000000006,2.3333333333333332e-05
Sn05,35.25,4.133333333333333e-05
Sn05,35.35,7.6e-05
Sn05,35.45,0.00011066666666666667
Sn05,35.55,0.00019366666666666667
Sn05,35.650000000000006,0.0003153333333333333
Sn05,35.75,0.00045266666666666665
Sn05,35.85,0.0006226666666666667
Sn05,35.95,0.0009573333333333334
Sn05,36.05,0.0014143333333333334
Sn05,36.150000000000006,0.00197
Sn05,36.25,0.002814
Sn05,36.35,0.0038183333333333333
Sn05,36.45,0.005200333333333334
Sn05,36.55,0.006880666666666667
Sn05,36.650000000000006,0.009059666666666667
Sn05,36.75,0.011732
Sn05,36.85,0.014614
Sn05,36.95,0.017972333333333333
Sn05,37.05,0.021689333333333335
Sn05,37.150000000000006,0.026020333333333333
Sn05,37.25,0.030196333333333332
Sn05,37.35,0.034702
Sn05,37.45,0.039213
Sn05,37.55,0.044338666666666665
Sn05,37.650000000000006,0.047102333333333336
Sn05,37.75,0.049980333333333335
Sn05,37.85,0.052604
Sn05,37.95,0.05406433333333333
Sn05,38.05,0.054628
Sn05,38.150000000000006,0.053782
Sn05,38.25,0.052941666666666665
Sn05,38.35000000000001,0.050238
Sn05,38.45,0.046781666666666666
Sn05,38.55,0.04268433333333333
Sn05,38.650000000000006,0.03858233333333334
Sn05,38.75,0.034250666666666665
Sn05,38.85000000000001,0.02957
Sn05,38.95,0.025393
Sn05,39.05,0.021358
Sn05,39.150000000000006,0.017005
Sn05,39.25,0.013662666666666667
Sn05,39.35000000000001,0.010701
Sn05,39.45,0.008232666666666666
Sn05,39.55,0.006259333333333334
Sn05,39.650000000000006,0.004662
Sn05,39.75,0.0035193333333333335
Sn05,39.85000000000001,0.0024933333333333335
Sn05,39.95,0.001744
Sn05,40.05,0.0010943333333333332
Sn05,40.150000000000006,0.0007926666666666667
Sn05,40.25,0.0005326666666666666
Sn05,40.35000000000001,0.000349
Sn05,40.45,0.00020666666666666666
Sn05,40.55,0.00013066666666666665
Sn05,40.650000000000006,8.333333333333333e-05
Sn05,40.75,3.766666666666667e-05
Sn05,40.85000000000001,2.6e-05
Sn05,40.95,1.5333333333333334e-05
Sn05,41.05,7.666666666666667e-06
Sn05,41.150000000000006,6e-06
Sn05,41.25,4e-06
Sn05,41.35000000000001,3e-06
Sn05,41.45,1e-06
Sn05,41.55,6.666666666666667e-07
Sn05,41.650000000000006,6.666666666666667e-07
Sn05,41.75,6.666666666666667e-07
Ta05,34.150000000000006,3.3333333333333335e-07
Ta05,34.25,6.666666666666667e-07
Ta05,34.35,6.666666666666667e-07
Ta05,34.45,1.6666666666666667e-06
Ta05,34.55,3e-06
Ta05,34.650000000000006,5e-06
Ta05,34.75,8e-06
Ta05,34.85,1.1333333333333334e-05
Ta05,34.95,1.8666666666666665e-05
Ta05,35.05,3.0333333333333333e-05
Ta05,35.150000000000006,5.5e-05
Ta05,35.25,8.8e-05
Ta05,35.35,0.00014766666666666666
Ta05,35.45,0.000238
Ta05,35.55,0.0003643333333333333
Ta05,35.650000000000006,0.00052
Ta05,35.75,0.0007643333333333333
Ta05,35.85,0.00112
Ta05,35.95,0.001607
Ta05,36.05,0.002275333333333333
Ta05,36.150000000000006,0.003122666666666667
Ta05,36.25,0.004315333333333333
Ta05,36.35,0.005731
Ta05,36.45,0.007619333333333333
Ta05,36.55,0.009925
Ta05,36.650000000000006,0.012589666666666667
Ta05,36.75,0.015635
Ta05,36.85,0.019029
Ta05,36.95,0.022976333333333335
Ta05,37.05,0.027047333333333333
Ta05,37.150000000000006,0.031503666666666666
Ta05,37.25,0.035854333333333335
Ta05,37.35,0.040528666666666664
Ta05,37.45,0.044539666666666665
Ta05,37.55,0.04798633333333333
Ta05,37.650000000000006,0.050476
Ta05,37.75,0.05268
Ta05,37.85,0.053961
Ta05,37.95,0.05402766666666667
Ta05,38.05,0.053498
Ta05,38.150000000000006,0.05175
Ta05,38.25,0.049180666666666664
Ta05,38.35000000000001,0.045456666666666666
Ta05,38.45,0.041553
Ta05,38.55,0.037372666666666665
Ta05,38.650000000000006,0.03306833333333333
Ta05,38.75,0.02846366666666667
Ta05,38.85000000000001,0.024299666666666667
Ta05,38.95,0.020401333333333334
Ta05,39.05,0.016249
Ta05,39.150000000000006,0.01305
Ta05,39.25,0.010197333333333333
Ta05,39.35000000000001,0.007839
Ta05,39.45,0.005905666666666667
Ta05,39.55,0.004477
Ta05,39.650000000000006,0.0032836666666666665
Ta05,39.75,0.0023723333333333335
Ta05,39.85000000000001,0.0016173333333333333
Ta05,39.95,0.001096
Ta05,40.05,0.0007306666666666667
Ta05,40.150000000000006,0.000501
Ta05,40.25,0.0003263333333333333
Ta05,40.35000000000001,0.00020033333333333334
Ta05,40.45,0.000128
Ta05,40.55,7.3e-05
Ta05,40.650000000000006,4.1666666666666665e-05
Ta05,40.75,2.3333333333333332e-05
Ta05,40.85000000000001,1.3333333333333333e-05
Ta05,40.95,9e-06
Ta05,41.05,5.333333333333334e-06
Ta05,41.150000000000006,4e-06
Ta05,41.25,2.333333333333333e-06
Ta05,41.35000000000001,1.3333333333333334e-06
Ta05,41.45,3.3333333333333335e-07
Ta05,41.55,1e-06
Ta05,41.650000000000006,3.3333333333333335e-07
Cu05,33.95,6.666666666666667e-07
Cu05,34.05,3.3333333333333335e-07
Cu05,34.150000000000006,1e-06
Cu05,34.25,1.6666666666666667e-06
Cu05,34.35,2.666666666666667e-06
Cu05,34.45,6e-06
Cu05,34.55,8.333333333333334e-06
Cu05,34.650000000000006,1.2333333333333333e-05
Cu05,34.75,2.0333333333333334e-05
Cu05,34.85,3.5333333333333336e-05
Cu05,34.95,5.633333333333333e-05
Cu05,35.05,9.566666666666667e-05
Cu05,35.150000000000006,0.000155
Cu05,35.25,0.000249
Cu05,35.35,0.000375
Cu05,35.45,0.0005486666666666667
Cu05,35.55,0.0007863333333333333
Cu05,35.650000000000006,0.0011606666666666666
Cu05,35.75,0.0016813333333333333
Cu05,35.85,0.0023196666666666665
Cu05,35.95,0.0032043333333333333
Cu05,36.05,0.004399
Cu05,36.150000000000006,0.005839666666666667
Cu05,36.25,0.007734666666666667
Cu05,36.35,0.010031
Cu05,36.45,0.0127
Cu05,36.55,0.015793
Cu05,36.650000000000006,0.019099333333333333
Cu05,36.75,0.023025666666666667
Cu05,36.85,0.027171666666666667
Cu05,36.95,0.031475666666666666
Cu05,37.05,0.03574733333333333
Cu05,37.150000000000006,0.04048466666666667
Cu05,37.25,0.04439033333333333
Cu05,37.35,0.04781166666666667
Cu05,37.45,0.050292
Cu05,37.55,0.052381
Cu05,37.650000000000006,0.053617333333333336
Cu05,37.75,0.053765
Cu05,37.85,0.053324333333333335
Cu05,37.95,0.05148
Cu05,38.05,0.049029
Cu05,38.150000000000006,0.045253
Cu05,38.25,0.041488
Cu05,38.35000000000001,0.037366
Cu05,38.45,0.032949
Cu05,38.55,0.028591
Cu05,38.650000000000006,0.024392
Cu05,38.75,0.020344
Cu05,38.85000000000001,0.016576666666666667
Cu05,38.95,0.013124
Cu05,39.05,0.010314
Cu05,39.150000000000006,0.007967
Cu05,39.25,0.006036
Cu05,39.35000000000001,0.004549
Cu05,39.45,0.0033466666666666666
Cu05,39.55,0.002436
Cu05,39.650000000000006,0.0016656666666666666
Cu05,39.75,0.001136
Cu05,39.85000000000001,0.0007536666666666667
Cu05,39.95,0.0005253333333333334
Cu05,40.05,0.0003356666666666667
Cu05,40.150000000000006,0.00021533333333333333
Cu05,40.25,0.00013366666666666667
Cu05,40.35000000000001,7.866666666666666e-05
Cu05,40.45,4.5e-05
Cu05,40.55,2.5333333333333334e-05
Cu05,40.650000000000006,1.5333333333333334e-05
Cu05,40.75,9.333333333333333e-06
Cu05,40.85000000000001,5.666666666666667e-06
Cu05,40.95,4.666666666666666e-06
Cu05,41.05,2e-06
Cu05,41.150000000000006,1.6666666666666667e-06
Cu05,41.25,3.3333333333333335e-07
Cu05,41.35000000000001,6.666666666666667e-07
Cu05,41.45,3.3333333333333335e-07
Cu05,41.55,3.3333333333333335e-07
Al_degrader_E4_E3_E2,31.35,1.4285714285714285e-07
Al_degrader_E4_E3_E2,31.450000000000003,1.4285714285714285e-07
Al_degrader_E4_E3_E2,31.55,0.0
Al_degrader_E4_E3_E2,31.650000000000002,5.714285714285714e-07
Al_degrader_E4_E3_E2,31.75,5.714285714285714e-07
Al_degrader_E4_E3_E2,31.85,1.2857142857142858e-06
Al_degrader_E4_E3_E2,31.950000000000003,1.4285714285714286e-06
Al_degrader_E4_E3_E2,32.05,2.2857142857142856e-06
Al_degrader_E4_E3_E2,32.150000000000006,3e-06
Al_degrader_E4_E3_E2,32.25,6.714285714285714e-06
Al_degrader_E4_E3_E2,32.35,1.0428571428571428e-05
Al_degrader_E4_E3_E2,32.45,1.5857142857142857e-05
Al_degrader_E4_E3_E2,32.55,2.4714285714285714e-05
Al_degrader_E4_E3_E2,32.650000000000006,3.971428571428571e-05
Al_degrader_E4_E3_E2,32.75,6.471428571428572e-05
Al_degrader_E4_E3_E2,32.85,8.285714285714286e-05
Al_degrader_E4_E3_E2,32.95,0.000126
Al_degrader_E4_E3_E2,33.05,0.00018242857142857142
Al_degrader_E4_E3_E2,33.150000000000006,0.00027214285714285714
Al_degrader_E4_E3_E2,33.25,0.0003672857142857143
Al_degrader_E4_E3_E2,33.35,0.0005127142857142857
Al_degrader_E4_E3_E2,33.45,0.0007007142857142857
Al_degrader_E4_E3_E2,33.55,0.0009654285714285714
Al_degrader_E4_E3_E2,33.650000000000006,0.001275
Al_degrader_E4_E3_E2,33.75,0.0016682857142857144
Al_degrader_E4_E3_E2,33.85,0.0021975714285714285
Al_degrader_E4_E3_E2,33.95,0.002815142857142857
Al_degrader_E4_E3_E2,34.05,0.0035147142857142855
Al_degrader_E4_E3_E2,34.150000000000006,0.0043921428571428575
Al_degrader_E4_E3_E2,34.25,0.005373285714285714
Al_degrader_E4_E3_E2,34.35,0.006574428571428571
Al_degrader_E4_E3_E2,34.45,0.007796142857142857
Al_degrader_E4_E3_E2,34.55,0.009252285714285715
Al_degrader_E4_E3_E2,34.650000000000006,0.01079957142857143
Al_degrader_E4_E3_E2,34.75,0.012652714285714286
Al_degrader_E4_E3_E2,34.85,0.014179571428571429
Al_degrader_E4_E3_E2,34.95,0.015950714285714287
Al_degrader_E4_E3_E2,35.05,0.017826571428571428
Al_degrader_E4_E3_E2,35.150000000000006,0.01993742857142857
Al_degrader_E4_E3_E2,35.25,0.021516857142857143
Al_degrader_E4_E3_E2,35.35,0.023215714285714287
Al_degrader_E4_E3_E2,35.45,0.025028571428571428
Al_degrader_E4_E3_E2,35.55,0.02673757142857143
Al_degrader_E4_E3_E2,35.650000000000006,0.027951714285714285
Al_degrader_E4_E3_E2,35.75,0.029199142857142858
Al_degrader_E4_E3_E2,35.85,0.030343285714285715
Al_degrader_E4_E3_E2,35.95,0.03171585714285714
Al_degrader_E4_E3_E2,36.05,0.032164142857142856
Al_degrader_E4_E3_E2,36.150000000000006,0.03278985714285714
Al_degrader_E4_E3_E2,36.25,0.033378142857142856
Al_degrader_E4_E3_E2,36.35,0.03390371428571429
Al_degrader_E4_E3_E2,36.45,0.03372857142857143
Al_degrader_E4_E3_E2,36.55,0.03367542857142857
Al_degrader_E4_E3_E2,36.650000000000006,0.033679
Al_degrader_E4_E3_E2,36.75,0.033259142857142855
Al_degrader_E4_E3_E2,36.85,0.032539285714285715
Al_degrader_E4_E3_E2,36.95,0.03171771428571429
Al_degrader_E4_E3_E2,37.05,0.03102557142857143
Al_degrader_E4_E3_E2,37.150000000000006,0.02984485714285714
Al_degrader_E4_E3_E2,37.25,0.028361571428571427
Al_degrader_E4_E3_E2,37.35,0.026785857142857143
Al_degrader_E4_E3_E2,37.45,0.02544842857142857
Al_degrader_E4_E3_E2,37.55,0.023373142857142856
Al_degrader_E4_E3_E2,37.650000000000006,0.021511714285714287
Al_degrader_E4_E3_E2,37.75,0.01947242857142857
Al_degrader_E4_E3_E2,37.85,0.017808142857142856
Al_degrader_E4_E3_E2,37.95,0.015504285714285714
Al_degrader_E4_E3_E2,38.05,0.013615428571428572
Al_degrader_E4_E3_E2,38.150000000000006,0.011685571428571429
Al_degrader_E4_E3_E2,38.25,0.010110714285714285
Al_degrader_E4_E3_E2,38.35000000000001,0.008386142857142858
Al_degrader_E4_E3_E2,38.45,0.006901428571428571
Al_degrader_E4_E3_E2,38.55,0.005643571428571428
Al_degrader_E4_E3_E2,38.650000000000006,0.0045795714285714285
Al_degrader_E4_E3_E2,38.75,0.0035535714285714285
Al_degrader_E4_E3_E2,38.85000000000001,0.0027277142857142856
Al_degrader_E4_E3_E2,38.95,0.002099142857142857
Al_degrader_E4_E3_E2,39.05,0.0015701428571428572
Al_degrader_E4_E3_E2,39.150000000000006,0.001166
Al_degrader_E4_E3_E2,39.25,0.0008227142857142857
Al_degrader_E4_E3_E2,39.35000000000001,0.000618
Al_degrader_E4_E3_E2,39.45,0.0004257142857142857
Al_degrader_E4_E3_E2,39.55,0.00029471428571428574
Al_degrader_E4_E3_E2,39.650000000000006,0.0001817142857142857
Al_degrader_E4_E3_E2,39.75,0.00013214285714285715
Al_degrader_E4_E3_E2,39.85000000000001,8.328571428571429e-05
Al_degrader_E4_E3_E2,39.95,5.3e-05
Al_degrader_E4_E3_E2,40.05,3.314285714285714e-05
Al_degrader_E4_E3_E2,40.150000000000006,2.1e-05
Al_degrader_E4_E3_E2,40.25,1.2571428571428572e-05
Al_degrader_E4_E3_E2,40.35000000000001,5.7142857142857145e-06
Al_degrader_E4_E3_E2,40.45,4.428571428571428e-06
Al_degrader_E4_E3_E2,40.55,2.7142857142857144e-06
Al_degrader_E4_E3_E2,40.650000000000006,1.1428571428571428e-06
Al_degrader_E4_E3_E2,40.75,1e-06
Al_degrader_E4_E3_E2,40.85000000000001,5.714285714285714e-07
Al_degrader_E4_E3_E2,40.95,7.142857142857143e-07
Al_degrader_E4_E3_E2,41.05,0.0
Al_degrader_E4_E3_E2,41.150000000000006,1.4285714285714285e-07
Al_degrader_E4_E3_E2,41.25,0.0
Al_degrader_E4_E3_E2,41.35000000000001,1.4285714285714285e-07
Ni06,31.150000000000002,6.666666666666667e-07
Ni06,31.25,6.666666666666667e-07
Ni06,31.35,1e-06
Ni06,31.450000000000003,1.6666666666666667e-06
Ni06,31.55,2.333333333333333e-06
Ni06,31.650000000000002,6e-06
Ni06,31.75,7.666666666666667e-06
Ni06,31.85,1.1666666666666666e-05
Ni06,31.950000000000003,1.8e-05
Ni06,32.05,2.9e-05
Ni06,32.150000000000006,4.8333333333333334e-05
Ni06,32.25,7.633333333333334e-05
Ni06,32.35,0.000124
Ni06,32.45,0.00019233333333333334
Ni06,32.55,0.00028933333333333334
Ni06,32.650000000000006,0.000398
Ni06,32.75,0.000596
Ni06,32.85,0.000838
Ni06,32.95,0.001187
Ni06,33.05,0.0016883333333333334
Ni06,33.150000000000006,0.002295
Ni06,33.25,0.0030756666666666667
Ni06,33.35,0.004143
Ni06,33.45,0.005437333333333333
Ni06,33.55,0.007043333333333334
Ni06,33.650000000000006,0.009105
Ni06,33.75,0.011300333333333334
Ni06,33.85,0.013951666666666666
Ni06,33.95,0.016935333333333333
Ni06,34.05,0.020195333333333332
Ni06,34.150000000000006,0.023795666666666666
Ni06,34.25,0.027493666666666666
Ni06,34.35,0.03148133333333333
Ni06,34.45,0.035577333333333336
Ni06,34.55,0.03941
Ni06,34.650000000000006,0.04231466666666667
Ni06,34.75,0.045752666666666664
Ni06,34.85,0.047891
Ni06,34.95,0.049617666666666664
Ni06,35.05,0.05061366666666667
Ni06,35.150000000000006,0.050821333333333336
Ni06,35.25,0.050552
Ni06,35.35,0.048971
Ni06,35.45,0.046716
Ni06,35.55,0.043746
Ni06,35.650000000000006,0.040363666666666666
Ni06,35.75,0.036776333333333334
Ni06,35.85,0.03280866666666667
Ni06,35.95,0.029039333333333334
Ni06,36.05,0.025176666666666667
Ni06,36.150000000000006,0.021433666666666667
Ni06,36.25,0.017832333333333332
Ni06,36.35,0.014431666666666667
Ni06,36.45,0.011699333333333334
Ni06,36.55,0.009193
Ni06,36.650000000000006,0.0072113333333333335
Ni06,36.75,0.005522
Ni06,36.85,0.004213
Ni06,36.95,0.0031646666666666668
Ni06,37.05,0.002326
Ni06,37.150000000000006,0.0016203333333333334
Ni06,37.25,0.0011353333333333332
Ni06,37.35,0.0007756666666666667
Ni06,37.45,0.000543
Ni06,37.55,0.00036
Ni06,37.650000000000006,0.00024333333333333333
Ni06,37.75,0.00014733333333333333
Ni06,37.85,9.133333333333334e-05
Ni06,37.95,5.6666666666666664e-05
Ni06,38.05,3.1333333333333334e-05
Ni06,38.150000000000006,1.9333333333333333e-05
Ni06,38.25,1.1666666666666666e-05
Ni06,38.35000000000001,8e-06
Ni06,38.45,4e-06
Ni06,38.55,4e-06
Ni06,38.650000000000006,1.3333333333333334e-06
Ni06,38.75,1.6666666666666667e-06
Ni06,38.85000000000001,6.666666666666667e-07
Ni06,38.95,6.666666666666667e-07
Ni06,39.05,0.0
Ni06,39.150000000000006,3.3333333333333335e-07
Sn06,31.05,1e-06
Sn06,31.150000000000002,1e-06
Sn06,31.25,3.3333333333333335e-07
Sn06,31.35,2.333333333333333e-06
Sn06,31.450000000000003,4.333333333333333e-06
Sn06,31.55,5.666666666666667e-06
Sn06,31.650000000000002,1.0666666666666667e-05
Sn06,31.75,1.3e-05
Sn06,31.85,2.0666666666666666e-05
Sn06,31.950000000000003,3.5e-05
Sn06,32.05,6.0666666666666666e-05
Sn06,32.150000000000006,9.1e-05
Sn06,32.25,0.00014066666666666668
Sn06,32.35,0.000237
Sn06,32.45,0.0003533333333333333
Sn06,32.55,0.000472
Sn06,32.650000000000006,0.0006653333333333333
Sn06,32.75,0.0009853333333333333
Sn06,32.85,0.0014033333333333333
Sn06,32.95,0.0019023333333333334
Sn06,33.05,0.0026583333333333333
Sn06,33.150000000000006,0.003518
Sn06,33.25,0.00472
Sn06,33.35,0.006138333333333333
Sn06,33.45,0.007878
Sn06,33.55,0.010166333333333333
Sn06,33.650000000000006,0.012683333333333333
Sn06,33.75,0.015276
Sn06,33.85,0.018540333333333332
Sn06,33.95,0.021883666666666666
Sn06,34.05,0.02575
Sn06,34.150000000000006,0.029483333333333334
Sn06,34.25,0.03341266666666667
Sn06,34.35,0.03753633333333333
Sn06,34.45,0.041712
Sn06,34.55,0.044252
Sn06,34.650000000000006,0.04665366666666667
Sn06,34.75,0.049044333333333336
Sn06,34.85,0.05054566666666667
Sn06,34.95,0.051181
Sn06,35.05,0.050728666666666665
Sn06,35.150000000000006,0.04978866666666667
Sn06,35.25,0.04856766666666667
Sn06,35.35,0.04529933333333333
Sn06,35.45,0.04215933333333333
Sn06,35.55,0.03838066666666667
Sn06,35.650000000000006,0.034952
Sn06,35.75,0.030854333333333334
Sn06,35.85,0.026833
Sn06,35.95,0.023256666666666665
Sn06,36.05,0.019580333333333335
Sn06,36.150000000000006,0.015838666666666668
Sn06,36.25,0.012890333333333334
Sn06,36.35,0.010275
Sn06,36.45,0.008024666666666666
Sn06,36.55,0.006196333333333333
Sn06,36.650000000000006,0.0047343333333333334
Sn06,36.75,0.0036056666666666667
Sn06,36.85,0.0026563333333333335
Sn06,36.95,0.0019476666666666668
Sn06,37.05,0.0012993333333333333
Sn06,37.150000000000006,0.000865
Sn06,37.25,0.000652
Sn06,37.35,0.00043633333333333333
Sn06,37.45,0.000277
Sn06,37.55,0.00017466666666666667
Sn06,37.650000000000006,0.00011966666666666667
Sn06,37.75,6.9e-05
Sn06,37.85,3.6666666666666666e-05
Sn06,37.95,2.3333333333333332e-05
Sn06,38.05,1.4666666666666666e-05
Sn06,38.150000000000006,7.333333333333333e-06
Sn06,38.25,7e-06
Sn06,38.35000000000001,3e-06
Sn06,38.45,3.3333333333333333e-06
Sn06,38.55,1.6666666666666667e-06
Sn06,38.650000000000006,0.0
Sn06,38.75,1e-06
Sn06,38.85000000000001,1e-06
Ta06,30.85,6.666666666666667e-07
Ta06,30.950000000000003,6.666666666666667e-07
Ta06,31.05,1.3333333333333334e-06
Ta06,31.150000000000002,1.3333333333333334e-06
Ta06,31.25,3e-06
Ta06,31.35,5e-06
Ta06,31.450000000000003,8.666666666666666e-06
Ta06,31.55,1.1333333333333334e-05
Ta06,31.650000000000002,1.7333333333333332e-05
Ta06,31.75,2.9e-05
Ta06,31.85,4.933333333333333e-05
Ta06,31.950000000000003,7.4e-05
Ta06,32.05,0.00012
Ta06,32.150000000000006,0.00019066666666666668
Ta06,32.25,0.0002826666666666667
Ta06,32.35,0.00040666666666666667
Ta06,32.45,0.0005716666666666667
Ta06,32.55,0.0008146666666666667
Ta06,32.650000000000006,0.0011803333333333334
Ta06,32.75,0.001637
Ta06,32.85,0.0022446666666666665
Ta06,32.95,0.0030066666666666666
Ta06,33.05,0.004045666666666667
Ta06,33.150000000000006,0.005288333333333333
Ta06,33.25,0.006905
Ta06,33.35,0.008847
Ta06,33.45,0.011082666666666666
Ta06,33.55,0.013726666666666667
Ta06,33.650000000000006,0.016485
Ta06,33.75,0.019794333333333334
Ta06,33.85,0.023288666666666666
Ta06,33.95,0.027044333333333333
Ta06,34.05,0.030861
Ta06,34.150000000000006,0.03505833333333333
Ta06,34.25,0.03876866666666667
Ta06,34.35,0.042
Ta06,34.45,0.04504233333333333
Ta06,34.55,0.047320666666666664
Ta06,34.650000000000006,0.04922566666666667
Ta06,34.75,0.050437
Ta06,34.85,0.050659
Ta06,34.95,0.050446
Ta06,35.05,0.04901933333333333
Ta06,35.150000000000006,0.04701533333333333
Ta06,35.25,0.04400233333333333
Ta06,35.35,0.040769
Ta06,35.45,0.037225
Ta06,35.55,0.033394
Ta06,35.650000000000006,0.029566666666666668
Ta06,35.75,0.025785
Ta06,35.85,0.021970333333333335
Ta06,35.95,0.018413
Ta06,36.05,0.014956
Ta06,36.150000000000006,0.012152666666666668
Ta06,36.25,0.009636
Ta06,36.35,0.007542
Ta06,36.45,0.005795333333333334
Ta06,36.55,0.004437
Ta06,36.650000000000006,0.0033526666666666666
Ta06,36.75,0.002492
Ta06,36.85,0.0017573333333333334
Ta06,36.95,0.0012253333333333333
Ta06,37.05,0.0008306666666666666
Ta06,37.150000000000006,0.00059
Ta06,37.25,0.000399
Ta06,37.35,0.0002643333333333333
Ta06,37.45,0.000162
Ta06,37.55,0.000106
Ta06,37.650000000000006,6.566666666666667e-05
Ta06,37.75,3.5333333333333336e-05
Ta06,37.85,2.2e-05
Ta06,37.95,1.2e-05
Ta06,38.05,8e-06
Ta06,38.150000000000006,5e-06
Ta06,38.25,5e-06
Ta06,38.35000000000001,2e-06
Ta06,38.45,1.3333333333333334e-06
Ta06,38.55,6.666666666666667e-07
Ta06,38.650000000000006,6.666666666666667e-07
Ta06,38.75,6.666666666666667e-07
Ta06,38.85000000000001,3.3333333333333335e-07
Cu06,30.55,3.3333333333333335e-07
Cu06,30.650000000000002,3.3333333333333335e-07
Cu06,30.75,6.666666666666667e-07
Cu06,30.85,1.3333333333333334e-06
Cu06,30.950000000000003,2.333333333333333e-06
Cu06,31.05,3.3333333333333333e-06
Cu06,31.150000000000002,6.666666666666667e-06
Cu06,31.25,8e-06
Cu06,31.35,1.4e-05
Cu06,31.450000000000003,2.0333333333333334e-05
Cu06,31.55,3.5e-05
Cu06,31.650000000000002,5.266666666666667e-05
Cu06,31.75,8.666666666666667e-05
Cu06,31.85,0.00013466666666666667
Cu06,31.950000000000003,0.000218
Cu06,32.05,0.0003173333333333333
Cu06,32.150000000000006,0.000441
Cu06,32.25,0.000614
Cu06,32.35,0.000901
Cu06,32.45,0.0012506666666666666
Cu06,32.55,0.0017676666666666667
Cu06,32.650000000000006,0.002422
Cu06,32.75,0.003225
Cu06,32.85,0.004287333333333333
Cu06,32.95,0.005588333333333333
Cu06,33.05,0.007252666666666667
Cu06,33.150000000000006,0.009264333333333333
Cu06,33.25,0.011553666666666667
Cu06,33.35,0.014143
Cu06,33.45,0.017022666666666665
Cu06,33.55,0.020364
Cu06,33.650000000000006,0.023832
Cu06,33.75,0.027541
Cu06,33.85,0.03138266666666667
Cu06,33.95,0.035499
Cu06,34.05,0.039135666666666666
Cu06,34.150000000000006,0.042409666666666665
Cu06,34.25,0.04492466666666667
Cu06,34.35,0.04750566666666667
Cu06,34.45,0.049232333333333336
Cu06,34.55,0.050120333333333336
Cu06,34.650000000000006,0.050348333333333335
Cu06,34.75,0.050047
Cu06,34.85,0.048511
Cu06,34.95,0.04653366666666667
Cu06,35.05,0.043407666666666664
Cu06,35.150000000000006,0.040233333333333336
Cu06,35.25,0.03666
Cu06,35.35,0.032849666666666666
Cu06,35.45,0.029061666666666666
Cu06,35.55,0.025378333333333333
Cu06,35.650000000000006,0.021564
Cu06,35.75,0.018068
Cu06,35.85,0.014707
Cu06,35.95,0.011913333333333333
Cu06,36.05,0.009464333333333333
Cu06,36.150000000000006,0.007402333333333334
Cu06,36.25,0.005699666666666666
Cu06,36.35,0.004383333333333334
Cu06,36.45,0.003292666666666667
Cu06,36.55,0.002449666666666667
Cu06,36.650000000000006,0.0017353333333333333
Cu06,36.75,0.0012156666666666668
Cu06,36.85,0.0008166666666666667
Cu06,36.95,0.000589
Cu06,37.05,0.00039966666666666666
Cu06,37.150000000000006,0.000257
Cu06,37.25,0.00016266666666666667
Cu06,37.35,0.00010966666666666667
Cu06,37.45,6.166666666666667e-05
Cu06,37.55,3.8e-05
Cu06,37.650000000000006,2.1333333333333335e-05
Cu06,37.75,1.2333333333333333e-05
Cu06,37.85,9e-06
Cu06,37.95,4.333333333333333e-06
Cu06,38.05,4.333333333333333e-06
Cu06,38.150000000000006,2.666666666666667e-06
Cu06,38.25,1.3333333333333334e-06
Cu06,38.35000000000001,6.666666666666667e-07
Cu06,38.45,6.666666666666667e-07
Cu06,38.55,6.666666666666667e-07
Cu06,38.650000000000006,3.3333333333333335e-07
Al_degrader_E7_E6_E5,27.75,2.5e-07
Al_degrader_E7_E6_E5,27.85,0.0
Al_degrader_E7_E6_E5,27.950000000000003,0.0
Al_degrader_E7_E6_E5,28.05,2.5e-07
Al_degrader_E7_E6_E5,28.150000000000002,7.5e-07
Al_degrader_E7_E6_E5,28.25,6.25e-07
Al_degrader_E7_E6_E5,28.35,8.75e-07
Al_degrader_E7_E6_E5,28.450000000000003,1.75e-06
Al_degrader_E7_E6_E5,28.55,2.625e-06
Al_degrader_E7_E6_E5,28.650000000000002,3.75e-06
Al_degrader_E7_E6_E5,28.75,6.375e-06
Al_degrader_E7_E6_E5,28.85,1.0375e-05
Al_degrader_E7_E6_E5,28.950000000000003,1.3875e-05
Al_degrader_E7_E6_E5,29.05,2.1875e-05
Al_degrader_E7_E6_E5,29.150000000000002,3.5e-05
Al_degrader_E7_E6_E5,29.25,5.2625e-05
Al_degrader_E7_E6_E5,29.35,6.9125e-05
Al_degrader_E7_E6_E5,29.450000000000003,9.4375e-05
Al_degrader_E7_E6_E5,29.55,0.00014175
Al_degrader_E7_E6_E5,29.650000000000002,0.00020175
Al_degrader_E7_E6_E5,29.75,0.00026925
Al_degrader_E7_E6_E5,29.85,0.000372125
Al_degrader_E7_E6_E5,29.950000000000003,0.00049875
Al_degrader_E7_E6_E5,30.05,0.000672
Al_degrader_E7_E6_E5,30.150000000000002,0.00088725
Al_degrader_E7_E6_E5,30.25,0.001151375
Al_degrader_E7_E6_E5,30.35,0.0014875
Al_degrader_E7_E6_E5,30.450000000000003,0.001898875
Al_degrader_E7_E6_E5,30.55,0.002437125
Al_degrader_E7_E6_E5,30.650000000000002,0.00297525
Al_degrader_E7_E6_E5,30.75,0.003687625
Al_degrader_E7_E6_E5,30.85,0.00449725
Al_degrader_E7_E6_E5,30.950000000000003,0.005408625
Al_degrader_E7_E6_E5,31.05,0.006385625
Al_degrader_E7_E6_E5,31.150000000000002,0.007577375
Al_degrader_E7_E6_E5,31.25,0.00886325
Al_degrader_E7_E6_E5,31.35,0.01028425
Al_degrader_E7_E6_E5,31.450000000000003,0.01160775
Al_degrader_E7_E6_E5,31.55,0.01314125
Al_degrader_E7_E6_E5,31.650000000000002,0.014731625
Al_degrader_E7_E6_E5,31.75,0.016412375
Al_degrader_E7_E6_E5,31.85,0.0179625
Al_degrader_E7_E6_E5,31.950000000000003,0.0195525
Al_degrader_E7_E6_E5,32.05,0.021175125
Al_degrader_E7_E6_E5,32.150000000000006,0.0227125
Al_degrader_E7_E6_E5,32.25,0.024262625
Al_degrader_E7_E6_E5,32.35,0.02539175
Al_degrader_E7_E6_E5,32.45,0.0267105
Al_degrader_E7_E6_E5,32.55,0.027885875
Al_degrader_E7_E6_E5,32.650000000000006,0.028934
Al_degrader_E7_E6_E5,32.75,0.029705625
Al_degrader_E7_E6_E5,32.85,0.03048575
Al_degrader_E7_E6_E5,32.95,0.031035125
Al_degrader_E7_E6_E5,33.05,0.03150325
Al_degrader_E7_E6_E5,33.150000000000006,0.031700625
Al_degrader_E7_E6_E5,33.25,0.031894875
Al_degrader_E7_E6_E5,33.35,0.032000375
Al_degrader_E7_E6_E5,33.45,0.0317695
Al_degrader_E7_E6_E5,33.55,0.031323375
Al_degrader_E7_E6_E5,33.650000000000006,0.031002
Al_degrader_E7_E6_E5,33.75,0.030445
Al_degrader_E7_E6_E5,33.85,0.029530875
Al_degrader_E7_E6_E5,33.95,0.02861125
Al_degrader_E7_E6_E5,34.05,0.027585375
Al_degrader_E7_E6_E5,34.150000000000006,0.026278125
Al_degrader_E7_E6_E5,34.25,0.024728125
Al_degrader_E7_E6_E5,34.35,0.023250625
Al_degrader_E7_E6_E5,34.45,0.021802625
Al_degrader_E7_E6_E5,34.55,0.02002075
Al_degrader_E7_E6_E5,34.650000000000006,0.018138
Al_degrader_E7_E6_E5,34.75,0.016518
Al_degrader_E7_E6_E5,34.85,0.01473575
Al_degrader_E7_E6_E5,34.95,0.012924375
Al_degrader_E7_E6_E5,35.05,0.011262375
Al_degrader_E7_E6_E5,35.150000000000006,0.009719625
Al_degrader_E7_E6_E5,35.25,0.00832625
Al_degrader_E7_E6_E5,35.35,0.0069015
Al_degrader_E7_E6_E5,35.45,0.005739875
Al_degrader_E7_E6_E5,35.55,0.004769125
Al_degrader_E7_E6_E5,35.650000000000006,0.003734
Al_degrader_E7_E6_E5,35.75,0.002993875
Al_degrader_E7_E6_E5,35.85,0.00234725
Al_degrader_E7_E6_E5,35.95,0.001788375
Al_degrader_E7_E6_E5,36.05,0.00136275
Al_degrader_E7_E6_E5,36.150000000000006,0.00103075
Al_degrader_E7_E6_E5,36.25,0.000755375
Al_degrader_E7_E6_E5,36.35,0.00055175
Al_degrader_E7_E6_E5,36.45,0.000401625
Al_degrader_E7_E6_E5,36.55,0.00027925
Al_degrader_E7_E6_E5,36.650000000000006,0.000184375
Al_degrader_E7_E6_E5,36.75,0.000127125
Al_degrader_E7_E6_E5,36.85,8.8125e-05
Al_degrader_E7_E6_E5,36.95,6.0875e-05
Al_degrader_E7_E6_E5,37.05,3.45e-05
Al_degrader_E7_E6_E5,37.150000000000006,2.3375e-05
Al_degrader_E7_E6_E5,37.25,1.4375e-05
Al_degrader_E7_E6_E5,37.35,9.125e-06
Al_degrader_E7_E6_E5,37.45,5e-06
Al_degrader_E7_E6_E5,37.55,2.625e-06
Al_degrader_E7_E6_E5,37.650000000000006,2.25e-06
Al_degrader_E7_E6_E5,37.75,1e-06
Al_degrader_E7_E6_E5,37.85,1e-06
Al_degrader_E7_E6_E5,37.95,3.75e-07
Al_degrader_E7_E6_E5,38.05,3.75e-07
Al_degrader_E7_E6_E5,38.150000000000006,2.5e-07
Al_degrader_E7_E6_E5,38.25,0.0
Al_degrader_E7_E6_E5,38.35000000000001,1.25e-07
Al_degrader_E7_E6_E5,38.45,1.25e-07
Ni07,27.450000000000003,3.3333333333333335e-07
Ni07,27.55,3.3333333333333335e-07
Ni07,27.650000000000002,6.666666666666667e-07
Ni07,27.75,1.3333333333333334e-06
Ni07,27.85,1.3333333333333334e-06
Ni07,27.950000000000003,2.333333333333333e-06
Ni07,28.05,5.333333333333334e-06
Ni07,28.150000000000002,7.333333333333333e-06
Ni07,28.25,9.333333333333333e-06
Ni07,28.35,1.3e-05
Ni07,28.450000000000003,2.3666666666666668e-05
Ni07,28.55,3.566666666666667e-05
Ni07,28.650000000000002,5.3666666666666666e-05
Ni07,28.75,8.2e-05
Ni07,28.85,0.00012266666666666668
Ni07,28.950000000000003,0.00019966666666666668
Ni07,29.05,0.000276
Ni07,29.150000000000002,0.000366
Ni07,29.25,0.0005286666666666667
Ni07,29.35,0.000733
Ni07,29.450000000000003,0.001014
Ni07,29.55,0.001371
Ni07,29.650000000000002,0.001852
Ni07,29.75,0.002459666666666667
Ni07,29.85,0.003248
Ni07,29.950000000000003,0.004192
Ni07,30.05,0.0053556666666666666
Ni07,30.150000000000002,0.006829333333333333
Ni07,30.25,0.008604333333333334
Ni07,30.35,0.010505
Ni07,30.450000000000003,0.012710333333333334
Ni07,30.55,0.015305333333333334
Ni07,30.650000000000002,0.018022333333333335
Ni07,30.75,0.020998666666666665
Ni07,30.85,0.024108333333333332
Ni07,30.950000000000003,0.027485666666666665
Ni07,31.05,0.030792333333333335
Ni07,31.150000000000002,0.034405333333333336
Ni07,31.25,0.03759766666666667
Ni07,31.35,0.040299666666666664
Ni07,31.450000000000003,0.042399
Ni07,31.55,0.04452166666666667
Ni07,31.650000000000002,0.04605633333333333
Ni07,31.75,0.046836
Ni07,31.85,0.04713666666666667
Ni07,31.950000000000003,0.047072
Ni07,32.05,0.04538
Ni07,32.150000000000006,0.044166
Ni07,32.25,0.042148333333333336
Ni07,32.35,0.03897766666666667
Ni07,32.45,0.035935
Ni07,32.55,0.03273633333333333
Ni07,32.650000000000006,0.029415
Ni07,32.75,0.025974666666666667
Ni07,32.85,0.022873333333333332
Ni07,32.95,0.019508666666666667
Ni07,33.05,0.016514666666666667
Ni07,33.150000000000006,0.013514666666666666
Ni07,33.25,0.011114
Ni07,33.35,0.008924666666666666
Ni07,33.45,0.007137666666666666
Ni07,33.55,0.005568666666666667
Ni07,33.650000000000006,0.004379
Ni07,33.75,0.003345
Ni07,33.85,0.002531
Ni07,33.95,0.0018656666666666667
Ni07,34.05,0.001349
Ni07,34.150000000000006,0.0009353333333333334
Ni07,34.25,0.0006656666666666666
Ni07,34.35,0.000473
Ni07,34.45,0.00032533333333333334
Ni07,34.55,0.000224
Ni07,34.650000000000006,0.000139
Ni07,34.75,9e-05
Ni07,34.85,5.633333333333333e-05
Ni07,34.95,3.4666666666666665e-05
Ni07,35.05,1.9666666666666666e-05
Ni07,35.150000000000006,1.2e-05
Ni07,35.25,8.666666666666666e-06
Ni07,35.35,5.333333333333334e-06
Ni07,35.45,4.333333333333333e-06
Ni07,35.55,2.666666666666667e-06
Ni07,35.650000000000006,1.6666666666666667e-06
Ni07,35.75,1e-06
Ni07,35.85,6.666666666666667e-07
Ni07,35.95,6.666666666666667e-07
Ni07,36.05,0.0
Ni07,36.150000000000006,3.3333333333333335e-07
Sn07,27.35,3.3333333333333335e-07
Sn07,27.450000000000003,1.3333333333333334e-06
Sn07,27.55,3.3333333333333335e-07
Sn07,27.650000000000002,1e-06
Sn07,27.75,2.666666666666667e-06
Sn07,27.85,3.6666666666666666e-06
Sn07,27.950000000000003,5.333333333333334e-06
Sn07,28.05,1e-05
Sn07,28.150000000000002,1.1666666666666666e-05
Sn07,28.25,1.6e-05
Sn07,28.35,2.6333333333333334e-05
Sn07,28.450000000000003,4.566666666666667e-05
Sn07,28.55,7.3e-05
Sn07,28.650000000000002,9.466666666666667e-05
Sn07,28.75,0.00016
Sn07,28.85,0.00023833333333333334
Sn07,28.950000000000003,0.00035
Sn07,29.05,0.000444
Sn07,29.150000000000002,0.0006106666666666667
Sn07,29.25,0.0008676666666666667
Sn07,29.35,0.001224
Sn07,29.450000000000003,0.0016213333333333334
Sn07,29.55,0.0022096666666666666
Sn07,29.650000000000002,0.0028846666666666665
Sn07,29.75,0.0037606666666666665
Sn07,29.85,0.0048976666666666665
Sn07,29.950000000000003,0.006142666666666667
Sn07,30.05,0.007800666666666667
Sn07,30.150000000000002,0.009737666666666667
Sn07,30.25,0.011947333333333334
Sn07,30.35,0.014175333333333333
Sn07,30.450000000000003,0.01695
Sn07,30.55,0.019735
Sn07,30.650000000000002,0.023068333333333333
Sn07,30.75,0.026155
Sn07,30.85,0.029572
Sn07,30.950000000000003,0.03294366666666667
Sn07,31.05,0.03676
Sn07,31.150000000000002,0.039497333333333336
Sn07,31.25,0.04170133333333333
Sn07,31.35,0.043754666666666664
Sn07,31.450000000000003,0.04577333333333333
Sn07,31.55,0.046766
Sn07,31.650000000000002,0.047453
Sn07,31.75,0.04697666666666667
Sn07,31.85,0.045942
Sn07,31.950000000000003,0.045791
Sn07,32.05,0.042672666666666664
Sn07,32.150000000000006,0.04014533333333333
Sn07,32.25,0.03708266666666667
Sn07,32.35,0.03388466666666667
Sn07,32.45,0.030816666666666666
Sn07,32.55,0.027170333333333335
Sn07,32.650000000000006,0.023835
Sn07,32.75,0.02093566666666667
Sn07,32.85,0.017495666666666666
Sn07,32.95,0.014412333333333333
Sn07,33.05,0.011912666666666667
Sn07,33.150000000000006,0.009631
Sn07,33.25,0.007663666666666667
Sn07,33.35,0.006048
Sn07,33.45,0.004737333333333333
Sn07,33.55,0.003632
Sn07,33.650000000000006,0.002806
Sn07,33.75,0.002075
Sn07,33.85,0.0015113333333333333
Sn07,33.95,0.001005
Sn07,34.05,0.0007393333333333334
Sn07,34.150000000000006,0.0005336666666666667
Sn07,34.25,0.00037633333333333334
Sn07,34.35,0.00023766666666666668
Sn07,34.45,0.00015833333333333332
Sn07,34.55,0.00011
Sn07,34.650000000000006,6.8e-05
Sn07,34.75,3.233333333333333e-05
Sn07,34.85,2.4666666666666665e-05
Sn07,34.95,1.5e-05
Sn07,35.05,9.666666666666667e-06
Sn07,35.150000000000006,5.333333333333334e-06
Sn07,35.25,4.666666666666666e-06
Sn07,35.35,3e-06
Sn07,35.45,3e-06
Sn07,35.55,3.3333333333333335e-07
Sn07,35.650000000000006,3.3333333333333335e-07
Sn07,35.75,6.666666666666667e-07
Sn07,35.85,1e-06
Ta07,27.150000000000002,6.666666666666667e-07
Ta07,27.25,3.3333333333333335e-07
Ta07,27.35,6.666666666666667e-07
Ta07,27.450000000000003,1.3333333333333334e-06
Ta07,27.55,2e-06
Ta07,27.650000000000002,3e-06
Ta07,27.75,4.666666666666666e-06
Ta07,27.85,8.333333333333334e-06
Ta07,27.950000000000003,1.1e-05
Ta07,28.05,1.6e-05
Ta07,28.150000000000002,2.4666666666666665e-05
Ta07,28.25,4e-05
Ta07,28.35,6e-05
Ta07,28.450000000000003,9.233333333333333e-05
Ta07,28.55,0.00013466666666666667
Ta07,28.650000000000002,0.00021066666666666667
Ta07,28.75,0.0003063333333333333
Ta07,28.85,0.000395
Ta07,28.950000000000003,0.0005543333333333333
Ta07,29.05,0.0007753333333333334
Ta07,29.150000000000002,0.0010863333333333332
Ta07,29.25,0.001462
Ta07,29.35,0.0019646666666666666
Ta07,29.450000000000003,0.002583666666666667
Ta07,29.55,0.003386333333333333
Ta07,29.650000000000002,0.004356333333333334
Ta07,29.75,0.005571
Ta07,29.85,0.007072
Ta07,29.950000000000003,0.008840333333333334
Ta07,30.05,0.010859666666666667
Ta07,30.150000000000002,0.013094333333333333
Ta07,30.25,0.015500333333333333
Ta07,30.35,0.018347
Ta07,30.450000000000003,0.021334333333333334
Ta07,30.55,0.024451
Ta07,30.650000000000002,0.027744666666666667
Ta07,30.75,0.030973
Ta07,30.85,0.034661
Ta07,30.950000000000003,0.037708
Ta07,31.05,0.040363666666666666
Ta07,31.150000000000002,0.042495333333333336
Ta07,31.25,0.04437066666666667
Ta07,31.35,0.04602933333333333
Ta07,31.450000000000003,0.046756
Ta07,31.55,0.046823333333333335
Ta07,31.650000000000002,0.046694
Ta07,31.75,0.04506466666666667
Ta07,31.85,0.043834333333333336
Ta07,31.950000000000003,0.041716
Ta07,32.05,0.03864066666666666
Ta07,32.150000000000006,0.035591
Ta07,32.25,0.032390333333333333
Ta07,32.35,0.029114666666666667
Ta07,32.45,0.02575766666666667
Ta07,32.55,0.022609
Ta07,32.650000000000006,0.019357333333333334
Ta07,32.75,0.01636
Ta07,32.85,0.013402
Ta07,32.95,0.011032666666666666
Ta07,33.05,0.008879
Ta07,33.150000000000006,0.007057333333333333
Ta07,33.25,0.005540666666666667
Ta07,33.35,0.004353
Ta07,33.45,0.003344
Ta07,33.55,0.0025466666666666667
Ta07,33.650000000000006,0.001869
Ta07,33.75,0.0013333333333333333
Ta07,33.85,0.0009506666666666667
Ta07,33.95,0.000664
Ta07,34.05,0.0004873333333333333
Ta07,34.150000000000006,0.00032533333333333334
Ta07,34.25,0.000223
Ta07,34.35,0.00014266666666666667
Ta07,34.45,9.166666666666667e-05
Ta07,34.55,5.933333333333334e-05
Ta07,34.650000000000006,3.433333333333333e-05
Ta07,34.75,2e-05
Ta07,34.85,1.3e-05
Ta07,34.95,8.666666666666666e-06
Ta07,35.05,5.333333333333334e-06
Ta07,35.150000000000006,4.333333333333333e-06
Ta07,35.25,3e-06
Ta07,35.35,1.6666666666666667e-06
Ta07,35.45,1e-06
Ta07,35.55,3.3333333333333335e-07
Ta07,35.650000000000006,6.666666666666667e-07
Ta07,35.75,3.3333333333333335e-07
Ta07,35.85,3.3333333333333335e-07
Cu07,26.85,3.3333333333333335e-07
Cu07,26.950000000000003,3.3333333333333335e-07
Cu07,27.05,6.666666666666667e-07
Cu07,27.150000000000002,1.3333333333333334e-06
Cu07,27.25,1.3333333333333334e-06
Cu07,27.35,2.333333333333333e-06
Cu07,27.450000000000003,5.333333333333334e-06
Cu07,27.55,6.333333333333333e-06
Cu07,27.650000000000002,8.666666666666666e-06
Cu07,27.75,1.2333333333333333e-05
Cu07,27.85,2.1e-05
Cu07,27.950000000000003,3.233333333333333e-05
Cu07,28.05,4.6666666666666665e-05
Cu07,28.150000000000002,7.533333333333334e-05
Cu07,28.25,0.00011533333333333334
Cu07,28.35,0.000171
Cu07,28.450000000000003,0.0002466666666666667
Cu07,28.55,0.0003406666666666667
Cu07,28.650000000000002,0.0004803333333333333
Cu07,28.75,0.0006503333333333334
Cu07,28.85,0.0008906666666666667
Cu07,28.950000000000003,0.001217
Cu07,29.05,0.0016616666666666668
Cu07,29.150000000000002,0.00223
Cu07,29.25,0.0028936666666666668
Cu07,29.35,0.003772
Cu07,29.450000000000003,0.00482
Cu07,29.55,0.006135666666666667
Cu07,29.650000000000002,0.007746333333333333
Cu07,29.75,0.009449
Cu07,29.85,0.011669333333333334
Cu07,29.950000000000003,0.013946666666666666
Cu07,30.05,0.016399333333333332
Cu07,30.150000000000002,0.019398
Cu07,30.25,0.022279
Cu07,30.35,0.025510333333333333
Cu07,30.450000000000003,0.028797
Cu07,30.55,0.032267
Cu07,30.650000000000002,0.03506133333333333
Cu07,30.75,0.038434666666666666
Cu07,30.85,0.040884333333333335
Cu07,30.950000000000003,0.042958333333333334
Cu07,31.05,0.044610666666666667
Cu07,31.150000000000002,0.045932
Cu07,31.25,0.046601
Cu07,31.35,0.046481
Cu07,31.450000000000003,0.046128333333333334
Cu07,31.55,0.04479433333333333
Cu07,31.650000000000002,0.042964
Cu07,31.75,0.040272333333333334
Cu07,31.85,0.03768666666666667
Cu07,31.950000000000003,0.03458833333333333
Cu07,32.05,0.03139666666666667
Cu07,32.150000000000006,0.028112333333333333
Cu07,32.25,0.024788666666666667
Cu07,32.35,0.021608
Cu07,32.45,0.018582
Cu07,32.55,0.015614
Cu07,32.650000000000006,0.012759333333333333
Cu07,32.75,0.010499
Cu07,32.85,0.008415
Cu07,32.95,0.0067283333333333336
Cu07,33.05,0.005246333333333334
Cu07,33.150000000000006,0.004112666666666666
Cu07,33.25,0.003159
Cu07,33.35,0.002422
Cu07,33.45,0.0017403333333333333
Cu07,33.55,0.0012623333333333334
Cu07,33.650000000000006,0.0008936666666666666
Cu07,33.75,0.0006223333333333334
Cu07,33.85,0.000456
Cu07,33.95,0.0003026666666666667
Cu07,34.05,0.00021766666666666665
Cu07,34.150000000000006,0.00013266666666666667
Cu07,34.25,8.666666666666667e-05
Cu07,34.35,5.466666666666667e-05
Cu07,34.45,3.266666666666666e-05
Cu07,34.55,2e-05
Cu07,34.650000000000006,1.2e-05
Cu07,34.75,7.333333333333333e-06
Cu07,34.85,5.333333333333334e-06
Cu07,34.95,4.666666666666666e-06
Cu07,35.05,2.666666666666667e-06
Cu07,35.150000000000006,1.6666666666666667e-06
Cu07,35.25,1e-06
Cu07,35.35,6.666666666666667e-07
Cu07,35.45,6.666666666666667e-07
Cu07,35.55,0.0
Cu07,35.650000000000006,3.3333333333333335e-07
