filename,isotope,energy,counts,unc_counts,intensity,unc_intensity,efficiency,unc_efficiency,decays,unc_decays,decay_rate,unc_decay_rate,chi2,start_time,live_time,real_time
Data/DET2/CD09242025_Ta01_80cm_DET2.Spe,176TA,88.35,56081.9545317817,4688.062917509132,0.11900000000000001,0.0059499999999999996,0.0002938953112449525,1.7688099285724923e-05,2181047983.3527884,249897766.1241507,2686019.6839320054,307755.869611023,253.9765652250622,09/24/2025 18:48:37,597.0,812.0
Data/DET2/CD09242025_Ta01_80cm_DET2.Spe,178TA,93.13,14650.685762951365,4102.783399471008,0.066,0.019,0.00030374230109312224,2.0552441067348212e-05,994009276.0886575,404921224.6093743,1224149.354788987,498671.45887853974,253.9765652250622,09/24/2025 18:48:37,597.0,812.0
Data/DET2/CD09242025_Ta01_80cm_DET2.Spe,177W,101.75,21691.60701361216,36833.81665506442,0.0044,0.0011,0.000316173816430572,2.0628756463209238e-05,21207762336.954693,36426990143.385574,26117933.91250578,44860825.299735926,8152.922831450034,09/24/2025 18:48:37,597.0,812.0
Data/DET2/CD09242025_Ta01_80cm_DET2.Spe,177TA,112.9,8480.858630401204,784.9066529404738,0.07200000000000001,0.016,0.00032257290325039616,1.5595071199704456e-05,496662239.61314756,122065317.2156695,611653.0044496891,150326.74533949446,5.990502588985659,09/24/2025 18:48:37,597.0,812.0
Data/DET2/CD09242025_Ta01_80cm_DET2.Spe,177W,115.05,54057.899050342545,35749.04470785323,0.08,0.004,0.0003227463408081146,1.4558926299798233e-05,2847669258.772138,1892971214.865727,3506981.845778495,2331245.3385045896,5.990502588985659,09/24/2025 18:48:37,597.0,812.0
Data/DET2/CD09242025_Ta01_80cm_DET2.Spe,177W,115.65,146995.3282543155,35559.50731257843,0.47000000000000003,0.06,0.00032274243170680306,1.4283745622986043e-05,1318048240.4786108,365226626.02286863,1623212.118816023,449786.4852498382,5.990502588985659,09/24/2025 18:48:37,597.0,812.0
Data/DET2/CD09242025_Ta01_80cm_DET2.Spe,177W,142.6,4925.289433877119,160.9584488966022,0.0126,0.0012,0.00030654713673642037,1.2280290690097538e-05,1734385547.0364177,189565385.99499634,2135942.7919167704,233454.90886083292,1.5117818703901307,09/24/2025 18:48:37,597.0,812.0
Data/DET2/CD09242025_Ta01_80cm_DET2.Spe,177W,155.95,13824.153960536507,505.90868082499566,0.036000000000000004,0.003,0.0002928140775060144,1.357013925424842e-05,1783716406.6530528,182809641.93327984,2196695.0820850404,225135.02701142838,4.111222145282714,09/24/2025 18:48:37,597.0,812.0
Data/DET2/CD09242025_Ta01_80cm_DET2.Spe,176TA,156.84,781.1138032986862,487.58469299232286,0.0036,0.00017999999999999998,0.0002918610542398029,1.361615279971691e-05,1011154136.6451154,635986099.0053624,1245263.7150801914,783234.1120755695,4.111222145282714,09/24/2025 18:48:37,597.0,812.0
Data/DET2/CD09242025_Ta01_80cm_DET2.Spe,176TA,175.5,215.65171324165863,111.7017257391842,0.0042,0.00021,0.0002718815569579535,1.3469279165532744e-05,256865378.59891427,135406616.9288683,316336.67315137223,166756.91740008412,1.6010298553648095,09/24/2025 18:48:37,597.0,812.0
Data/DET2/CD09242025_Ta01_80cm_DET2.Spe,177W,186.2,4665.617987701731,16029.76589724094,0.15,0.013000000000000001,0.00026094616558142955,1.2748039643966165e-05,162124517.33292243,557253287.4478986,199660.73563167788,686272.5214875599,2.8777868722152777,09/24/2025 18:48:37,597.0,812.0
Data/DET2/CD09242025_Ta01_80cm_DET2.Spe,177W,186.42,47951.89794410196,15935.11868494992,0.073,0.00365,0.00026072762295672373,1.2730553392351749e-05,3426711910.3554354,1163760836.5404992,4220088.559551029,1433203.0006656395,2.8777868722152777,09/24/2025 18:48:37,597.0,812.0
Data/DET2/CD09242025_Ta01_80cm_DET2.Spe,176TA,190.36,483.2556099898988,159.7298698138475,0.0040999999999999995,0.00020500000000000002,0.00025685952218409427,1.2403435788944867e-05,624135773.0861708,212710705.72046405,768640.1146381414,261958.9971926897,2.8777868722152777,09/24/2025 18:48:37,597.0,812.0
Data/DET2/CD09242025_Ta01_80cm_DET2.Spe,176TA,201.84,7298.166518678493,134.86453688222596,0.057,0.0028499999999999997,0.00024610055003109686,1.1339047951881157e-05,707632916.202906,50542011.25431969,871469.1086242684,62243.856224531635,1.183956299077413,09/24/2025 18:48:37,597.0,812.0
Data/DET2/CD09242025_Ta01_80cm_DET2.Spe,177TA,208.4,1352.1525599303084,1377.953804315089,0.0094,0.002,0.00024030166414961505,1.0687650622548028e-05,814184369.797851,848673211.7075047,1002690.1105884864,1045164.0538269763,196.37653695067718,09/24/2025 18:48:37,597.0,812.0
Data/DET2/CD09242025_Ta01_80cm_DET2.Spe,176TA,213.5,16014.572288570012,2918.6921881170756,0.0042,0.0009,0.00023596830385410727,1.017265892749204e-05,21978299186.61977,6257264514.390678,27066870.919482477,7705990.781269308,196.37653695067718,09/24/2025 18:48:37,597.0,812.0
Data/DET2/CD09242025_Ta01_80cm_DET2.Spe,177W,223.23,6260.595202510398,126.21799753178543,0.020499999999999997,0.0016,0.00022811646159849169,9.191170896589463e-06,1820903097.516768,165704243.67642146,2242491.4994048867,204069.26561135647,0.9129494068577169,09/24/2025 18:48:37,597.0,812.0
Data/DET2/CD09242025_Ta01_80cm_DET2.Spe,177W,224.99,1569.6457407344267,103.39796073871744,0.0054,0.0008,0.0002267530619876849,9.015684119565806e-06,1743558100.304623,294372930.67518157,2147239.0397840184,362528.2397477605,0.9129494068577169,09/24/2025 18:48:37,597.0,812.0
Data/DET2/CD09242025_Ta01_80cm_DET2.Spe,176TA,239.62,576.7618121515403,135.87466391550646,0.0054,0.00027,0.00021606262882957033,7.607717675989193e-06,672364507.68986,166024292.79438174,828035.1079924384,204463.41477140607,2.7600877830912496,09/24/2025 18:48:37,597.0,812.0
Data/DET2/CD09242025_Ta01_80cm_DET2.Spe,177W,259.25,2623.927860738528,107.71120537711265,0.0086,0.0008,0.0002034086775232714,5.974018154142363e-06,2040166732.3049781,219562833.59965277,2512520.6062869187,270397.5783246955,1.295661302925511,09/24/2025 18:48:37,597.0,812.0
Data/DET2/CD09242025_Ta01_80cm_DET2.Spe,177W,271.02,11957.938363397223,162.79060416302676,0.037000000000000005,0.003,0.00019666034223158447,5.194838455720562e-06,2235215981.8214517,194102035.45795918,2752729.041652034,239041.91558861968,1.5043781007639008,09/24/2025 18:48:37,597.0,812.0
Data/DET2/CD09242025_Ta01_80cm_DET2.Spe,177W,280.8,2681.75437353982,259.22114057033207,0.008100000000000001,0.001,0.00019146782489476357,4.6513854836120914e-06,2351905529.3352685,375922421.0856479,2896435.3809547643,462958.6466572018,7.3718085393516875,09/24/2025 18:48:37,597.0,812.0
Data/DET2/CD09242025_Ta01_80cm_DET2.Spe,177W,308.25,2673.6371407250404,198.4078397674782,0.0086,0.0013000000000000002,0.00017860347975570762,3.564368718116479e-06,2367531665.6723557,404075022.48434883,2915679.391222113,497629.33803491236,5.064296496750775,09/24/2025 18:48:37,597.0,812.0
Data/DET2/CD09242025_Ta01_80cm_DET2.Spe,177W,311.28,3723.6449680341684,211.1158852880333,0.012700000000000001,0.0016,0.00017731899678574535,3.4793371296939167e-06,2249007884.51044,315983966.03582287,2769714.1434857636,389142.8153150528,5.064296496750775,09/24/2025 18:48:37,597.0,812.0
Data/DET2/CD09242025_Ta01_80cm_DET2.Spe,177W,317.75,1716.497455465636,188.32899787738643,0.0053,0.0007000000000000001,0.00017465638918884164,3.318162188101374e-06,2522112851.35196,439928137.9400701,3106050.309546749,541783.4211084608,5.064296496750775,09/24/2025 18:48:37,597.0,812.0
Data/DET2/CD09242025_Ta01_80cm_DET2.Spe,175HF,343.4,59.873892259915436,48.236625656978994,0.84,0.042,0.0001650692146100115,2.9135921975093666e-06,587318.6861993035,480225.7370649984,723.2988746296841,591.4110062376828,1.1184980641747961,09/24/2025 18:48:37,597.0,812.0
Data/DET2/CD09242025_Ta01_80cm_DET2.Spe,177W,367.52,11980.800816178586,130.2235937829661,0.039,0.003,0.00015724327090374144,2.777488354630087e-06,2657240541.3096786,213089712.17535773,3272463.7208247273,262425.7539105391,1.0872304651581894,09/24/2025 18:48:37,597.0,812.0
Data/DET2/CD09242025_Ta01_80cm_DET2.Spe,177W,377.35,13180.530236241551,130.20697336509,0.043,0.004,0.00015432615472227748,2.7587414874569177e-06,2701510059.6763177,258362937.45109347,3326982.8321136916,318180.95745208557,0.9996644116852548,09/24/2025 18:48:37,597.0,812.0
Data/DET2/CD09242025_Ta01_80cm_DET2.Spe,177W,382.3,2661.3295985533705,85.47275636891199,0.0063,0.0006,0.00015291052114180663,2.753708419978158e-06,3757529893.003967,390527060.8113692,4627499.8682314865,480944.65617163695,0.9996644116852548,09/24/2025 18:48:37,597.0,812.0
Data/DET2/CD09242025_Ta01_80cm_DET2.Spe,177W,388.8,4830.168459872884,93.69197184591118,0.015600000000000001,0.0014000000000000002,0.00015110275457738042,2.750153459617814e-06,2787064348.667624,263940398.52878848,3432345.2569798324,325049.75188274443,0.9996644116852548,09/24/2025 18:48:37,597.0,812.0
Data/DET2/CD09242025_Ta01_80cm_DET2.Spe,177W,417.16,17845.752323406556,317.58896569829363,0.057,0.005,0.00014382800718150835,2.751717573071097e-06,2960726157.128675,271894849.2609237,3646214.4792225063,334845.87347404397,1.415964275369292,09/24/2025 18:48:37,597.0,812.0
Data/DET2/CD09242025_Ta01_80cm_DET2.Spe,177W,418.35,1500.19880138479,276.36767613728057,0.008100000000000001,0.0016,0.00014354262701880496,2.7518767926064383e-06,1754949416.8090293,477365018.01028085,2161267.754690923,587887.9532146315,1.415964275369292,09/24/2025 18:48:37,597.0,812.0
Data/DET2/CD09242025_Ta01_80cm_DET2.Spe,177W,426.98,59546.712056116,584.2093693569648,0.12300000000000001,0.01,0.00014151656553724128,2.7524460239187553e-06,4652936149.479197,392095360.9860995,5730216.932856154,482876.0603277087,5.699902644719959,09/24/2025 18:48:37,597.0,812.0
Data/DET2/CD09242025_Ta01_80cm_DET2.Spe,177W,431.45,2205.104058383856,188.1345846996843,0.0070999999999999995,0.0009,0.00014049622835413483,2.7522154155585575e-06,3006683901.3344417,467581362.08693725,3702812.686372465,575839.1158706123,5.699902644719959,09/24/2025 18:48:37,597.0,812.0
Data/DET2/CD09242025_Ta01_80cm_DET2.Spe,177W,450.6,3037.811923349863,86.93320549536264,0.012,0.0009,0.00013633343935832404,2.745741413188028e-06,2525567285.728295,213984791.34253272,3110304.5390742547,263528.06815582846,1.1462812826740212,09/24/2025 18:48:37,597.0,812.0
Data/DET2/CD09242025_Ta01_80cm_DET2.Spe,176TA,466.16,661.6371212432163,124.9750258051507,0.0111,0.000555,0.00013317703744860496,2.7303934122849317e-06,608764379.9048156,121920546.10015659,749709.8274689846,150148.4557883702,1.072224023547468,09/24/2025 18:48:37,597.0,812.0
Data/DET2/CD09242025_Ta01_80cm_DET2.Spe,177W,467.5,1715.0450298326637,131.97258189761,0.006600000000000001,0.0005,0.00013291389376545376,2.728578860634051e-06,2659150444.9789977,299257966.450674,3274815.8189396523,368544.2936584655,1.072224023547468,09/24/2025 18:48:37,597.0,812.0
Data/DET2/CD09242025_Ta01_80cm_DET2.Spe,177W,473.5,3292.705153996532,83.74234195104273,0.012,0.0009,0.00013175168228531103,2.7195298470873324e-06,2832677456.354616,237025675.91582087,3488519.034919478,291903.5417682523,1.072224023547468,09/24/2025 18:48:37,597.0,812.0
Data/DET2/CD09242025_Ta01_80cm_DET2.Spe,177W,502.4,1903.2385932390443,133.76382205563468,0.0075,0.0009,0.00012649428330235344,2.6566822418524186e-06,2728618200.0441866,388826754.8167334,3360367.2414337276,478850.68327183917,2.983638613492943,09/24/2025 18:48:37,597.0,812.0
Data/DET2/CD09242025_Ta01_80cm_DET2.Spe,176TA,519.7,200.28348574332205,133.9437134613201,0.0032,0.0004,0.0001235898310186379,2.6063026288697404e-06,688801560.9368101,471372227.6517303,848277.7844049386,580507.6695218354,1.903905908527051,09/24/2025 18:48:37,597.0,812.0
Data/DET2/CD09242025_Ta01_80cm_DET2.Spe,176TA,521.6,1719.5389349781703,148.08670856626802,0.024,0.003,0.00012328090889037897,2.600297341931884e-06,790472276.0804267,122633052.03847039,973488.0247295895,151025.92615575172,1.903905908527051,09/24/2025 18:48:37,597.0,812.0
Data/DET2/CD09242025_Ta01_80cm_DET2.Spe,177W,528.5,5081.521027734725,119.94692010588346,0.0221,0.0015,0.00012217497241715048,2.577800108321651e-06,2559769746.1072364,195045870.20068163,3152425.795698567,240204.27364615965,1.903905908527051,09/24/2025 18:48:37,597.0,812.0
Data/DET2/CD09242025_Ta01_80cm_DET2.Spe,176TA,546.53,509.4223057926779,63.946719573006206,0.0053,0.000265,0.00011939745130910713,2.514623020735187e-06,1094935985.9620695,157396156.86779022,1348443.3324656028,193837.6316105791,1.2298357523815908,09/24/2025 18:48:37,597.0,812.0
Data/DET2/CD09242025_Ta01_80cm_DET2.Spe,176TA,570.76,1535.1065347760982,211.0940359655232,0.0046,0.00023,0.0001158961057258216,2.4214875606547524e-06,3916458631.554562,587432745.267856,4823224.915707589,723439.3414628769,7.9804204425345375,09/24/2025 18:48:37,597.0,812.0
Data/DET2/CD09242025_Ta01_80cm_DET2.Spe,176TA,611.16,7083.00693544106,2283.249761861125,0.0126,0.00063,0.0001105645489409772,2.2538055012862026e-06,6915330191.502697,2261747523.1134663,8516416.491998395,2785403.3535880125,1.9447672842217858,09/24/2025 18:48:37,597.0,812.0
Data/DET2/CD09242025_Ta01_80cm_DET2.Spe,177W,611.8,6523.5029657899,2291.3790318449296,0.055,0.004,0.00011048467269424773,2.2511011498468273e-06,1460151232.3927686,524911864.59552836,1798215.8034393701,646443.1829994192,1.9447672842217858,09/24/2025 18:48:37,597.0,812.0
Data/DET2/CD09242025_Ta01_80cm_DET2.Spe,176TA,616.79,526.9842829493905,69.7851340998792,0.01,0.0005,0.0001098664511630758,2.2300151061241583e-06,652400468.826121,97523674.41768081,803448.8532341392,120103.0473124148,1.9447672842217858,09/24/2025 18:48:37,597.0,812.0
Data/DET2/CD09242025_Ta01_80cm_DET2.Spe,176TA,644.86,916.8061155718583,84.23756046406585,0.0099,0.000495,0.00010653229661743483,2.1124507860729203e-06,1182340906.44516,131798709.99026163,1456084.8601541377,162313.68225401678,1.4871191993609938,09/24/2025 18:48:37,597.0,812.0
Data/DET2/CD09242025_Ta01_80cm_DET2.Spe,177W,647.3,4826.583114023453,104.09829289408162,0.023700000000000002,0.0017000000000000001,0.00010625340690832401,2.102400018290718e-06,2606935445.894844,205420067.0061942,3210511.632875424,252980.37808644606,1.4871191993609938,09/24/2025 18:48:37,597.0,812.0
Data/DET2/CD09242025_Ta01_80cm_DET2.Spe,177W,672.15,3695.742909249771,97.4416751292596,0.0182,0.0014000000000000002,0.00010350520615669635,2.002643334336103e-06,2668393461.1429243,227319209.29036632,3286198.843772074,279949.7651359191,1.6821882399308536,09/24/2025 18:48:37,597.0,812.0
Data/DET2/CD09242025_Ta01_80cm_DET2.Spe,177W,678.5,1127.6647701119684,75.87183950424382,0.0053,0.0006,0.00010282865981053494,1.978081418840047e-06,2814308261.5794644,383817274.3831836,3465896.8738663355,472681.37239308323,1.6821882399308536,09/24/2025 18:48:37,597.0,812.0
Data/DET2/CD09242025_Ta01_80cm_DET2.Spe,176TA,710.5,3481.5142830054488,131.2889303279982,0.054000000000000006,0.0027,9.956569605199875e-05,1.8610756906059993e-06,880737291.544381,59465658.623204514,1084651.8368773165,73233.56973301049,2.9417653270019413,09/24/2025 18:48:37,597.0,812.0
Data/DET2/CD09242025_Ta01_80cm_DET2.Spe,177W,721.6,2208.34874653187,68.43071068740343,0.011000000000000001,0.001,9.848727689614094e-05,1.823060531157969e-06,2772531840.0827174,277532294.51721805,3414448.0789196026,341788.540045835,1.0803426666365763,09/24/2025 18:48:37,597.0,812.0
Data/DET2/CD09242025_Ta01_80cm_DET2.Spe,177W,785.9,1733.2158227580173,90.86263078618141,0.0096,0.0012,9.271296544915571e-05,1.6410633341409088e-06,2648638196.8630753,367613200.66810524,3261869.7005702895,452725.6165863365,2.1325496176674417,09/24/2025 18:48:37,597.0,812.0
Data/DET2/CD09242025_Ta01_80cm_DET2.Spe,177W,793.6,711.2634617067342,80.7178052322557,0.0054,0.0007000000000000001,9.207039496424193e-05,1.6245992306825125e-06,1945801040.2510211,344796878.8985992,2396306.6998165287,424626.69815098424,2.1325496176674417,09/24/2025 18:48:37,597.0,812.0
Data/DET2/CD09242025_Ta01_80cm_DET2.Spe,177W,827.9,1378.7915677090762,68.4681790108234,0.0096,0.0009,8.932049351652259e-05,1.5672445433078106e-06,2187046262.8239837,242438153.88190374,2693406.7276157434,298569.15502697503,1.3638517467355855,09/24/2025 18:48:37,597.0,812.0
Data/DET2/CD09242025_Ta01_80cm_DET2.Spe,177W,836.2,1895.3893029000214,73.67671689638453,0.0095,0.0009,8.868120206565044e-05,1.5574077752669628e-06,3060024803.7041802,325602771.5829339,3768503.4528376604,400988.6349543521,1.3638517467355855,09/24/2025 18:48:37,597.0,812.0
Data/DET2/CD09242025_Ta01_80cm_DET2.Spe,177W,858.4,1152.8409863794964,62.314823900665786,0.006500000000000001,0.0006,8.701802937696207e-05,1.5389198341632202e-06,2772225192.441706,311461072.3925261,3414070.43404151,383572.7492518794,1.2630965093161104,09/24/2025 18:48:37,597.0,812.0
Data/DET2/CD09242025_Ta01_80cm_DET2.Spe,177W,877.2,1920.5025121616663,118.54648278510942,0.0113,0.0017000000000000001,8.566018419430338e-05,1.5320349245422692e-06,2698603816.950894,445749468.063164,3323403.715456766,548952.5468758177,3.0665557021835856,09/24/2025 18:48:37,597.0,812.0
Data/DET2/CD09242025_Ta01_80cm_DET2.Spe,177W,880.2,2195.6086760816543,122.3262675000559,0.0113,0.0017000000000000001,8.544761513715688e-05,1.5316614176498295e-06,3092845650.39049,503609501.1760658,3808923.214766613,620208.7452907214,3.0665557021835856,09/24/2025 18:48:37,597.0,812.0
Data/DET2/CD09242025_Ta01_80cm_DET2.Spe,176TA,923.94,424.68562142989794,48.187976130162035,0.0073,0.000365,8.246124933866084e-05,1.5476391857436455e-06,959569609.5085795,129031881.13301946,1181735.9723012063,158906.25755297963,1.027629748924544,09/24/2025 18:48:37,597.0,812.0
Data/DET2/CD09242025_Ta01_80cm_DET2.Spe,176TA,936.42,182.5273583634621,47.51312546508286,0.005600000000000001,0.00028000000000000003,8.164309822279655e-05,1.5587704383502404e-06,543002916.8241327,149796801.5291006,668722.8039706068,184478.81961711895,1.2271533904087573,09/24/2025 18:48:37,597.0,812.0
Data/DET2/CD09242025_Ta01_80cm_DET2.Spe,177W,939.2,1210.7173043282041,61.75839456423746,0.0070999999999999995,0.0007000000000000001,8.146279081043915e-05,1.5615825871885411e-06,2847126834.812156,330998626.44018763,3506313.8359755618,407633.77640417195,1.2271533904087573,09/24/2025 18:48:37,597.0,812.0
Data/DET2/CD09242025_Ta01_80cm_DET2.Spe,176TA,957.4,255.31086293202554,41.893291096560404,0.005699999999999999,0.00028500000000000004,8.029946137856401e-05,1.5826719322611821e-06,758688504.4680766,139338533.6015098,934345.4488523111,171599.17931220419,1.1961478550082938,09/24/2025 18:48:37,597.0,812.0
Data/DET2/CD09242025_Ta01_80cm_DET2.Spe,177W,990.2,1204.4830631396085,62.122910831186644,0.0075,0.0007000000000000001,7.827532056677104e-05,1.630422230160235e-06,2790591566.236116,313681975.79904896,3436689.1209804383,386307.85196927213,1.5315035657471663,09/24/2025 18:48:37,597.0,812.0
Data/DET2/CD09242025_Ta01_80cm_DET2.Spe,177W,1000.0,717.7664475511083,58.19205990602774,0.005,0.0004,7.768793596439094e-05,1.6466186446230066e-06,2513282248.161503,305913158.0581759,3095175.182464905,376740.34243617725,1.5315035657471663,09/24/2025 18:48:37,597.0,812.0
Data/DET2/CD09242025_Ta01_80cm_DET2.Spe,177W,1014.9,7581.260349245695,87.96033973808537,0.045,0.003,7.680983763632033e-05,1.672596798799234e-06,2983278157.1206465,214819829.54008788,3673987.8782273973,264556.4403203053,0.902888024613101,09/24/2025 18:48:37,597.0,812.0
Data/DET2/CD09242025_Ta01_80cm_DET2.Spe,176TA,1023.1,1345.9599491474344,49.392396213935214,0.0267,0.001335,7.633543675800073e-05,1.6876007978082212e-06,898206883.5641118,64008620.786759876,1106166.1127636845,78828.35072261069,0.902888024613101,09/24/2025 18:48:37,597.0,812.0
Data/DET2/CD09242025_Ta01_80cm_DET2.Spe,177W,1036.4,15080.449342522397,191.26437854185878,0.095,0.006999999999999999,7.557999848825643e-05,1.7130035141540134e-06,2856705665.2178574,224396415.96276674,3518110.4251451446,276350.26596399845,2.36476291167205,09/24/2025 18:48:37,597.0,812.0
Data/DET2/CD09242025_Ta01_80cm_DET2.Spe,177W,1055.8,812.3308318692142,60.31838688027089,0.006,0.0006,7.450794298746075e-05,1.7522398034001934e-06,2471501118.0774884,325053386.58661467,3043720.58876538,400312.0524465698,1.6294330671810897,09/24/2025 18:48:37,597.0,812.0
Data/DET2/CD09242025_Ta01_80cm_DET2.Spe,176TA,1061.61,168.40563143318562,47.00327524033606,0.0054,0.00027,7.419351994477274e-05,1.7644534235351776e-06,571713664.8771573,168538836.48543754,704080.8680753169,207560.14345497233,1.6294330671810897,09/24/2025 18:48:37,597.0,812.0
Data/DET2/CD09242025_Ta01_80cm_DET2.Spe,176TA,1066.2,271.8495230981805,1200.587833049538,0.0064,0.00032,7.394722386992572e-05,1.7742428540315324e-06,781283091.1905205,3451031877.6323705,962171.2945696065,4250039.258167944,1.6294330671810897,09/24/2025 18:48:37,597.0,812.0
Data/DET2/CD09242025_Ta01_80cm_DET2.Spe,177W,1066.9,4514.1231918762705,1202.3937646180134,0.0288,0.0021,7.390982385745878e-05,1.7757463905945235e-06,2884432963.249726,800733677.6912947,3552257.343903603,986125.2188316437,1.6294330671810897,09/24/2025 18:48:37,597.0,812.0
Data/DET2/CD09242025_Ta01_80cm_DET2.Spe,176TA,1115.0,295.9756963047505,37.42316938192696,0.005,0.00025,7.143742338874784e-05,1.8848793491590939e-06,1127046832.3545876,169289419.1464442,1387988.7097962901,208484.50633798548,1.0131164729172275,09/24/2025 18:48:37,597.0,812.0
Data/DET2/CD09242025_Ta01_80cm_DET2.Spe,176TA,1138.26,247.81232855483682,127.70105766497149,0.0068000000000000005,0.00034,7.03062829441135e-05,1.940874763828112e-06,705020193.3310518,368264574.012921,868251.469619522,453527.80050852336,1.355610748969141,09/24/2025 18:48:37,597.0,812.0
Data/DET2/CD09242025_Ta01_80cm_DET2.Spe,177W,1140.5,1221.2113714433463,134.02299956755027,0.0074,0.0006,7.019930902403504e-05,1.9463117599431605e-06,3197481059.9230666,454513557.6576042,3937784.5565555007,559745.7606620742,1.355610748969141,09/24/2025 18:48:37,597.0,812.0
Data/DET2/CD09242025_Ta01_80cm_DET2.Spe,176TA,1155.5,168.32924279397508,403.5001762844832,0.006500000000000001,0.0009,6.94911901588212e-05,1.9827273163608437e-06,506871837.0221177,1217754929.9601939,624226.4002735439,1499698.1896061501,1.3884963018233438,09/24/2025 18:48:37,597.0,812.0
Data/DET2/CD09242025_Ta01_80cm_DET2.Spe,176TA,1157.41,1690.9185958234596,2001.7919185597652,0.034,0.0017000000000000001,6.940203680431906e-05,1.9873610693443773e-06,974660274.0039711,1155459373.3722038,1200320.534487649,1422979.5238573938,1.3884963018233438,09/24/2025 18:48:37,597.0,812.0
Data/DET2/CD09242025_Ta01_80cm_DET2.Spe,176TA,1159.3,10077.363100677023,1650.3315098452958,0.247,0.012350000000000002,6.931403953956529e-05,1.991944762831224e-06,800590518.051514,139230202.01767853,985948.9138565444,171465.76603162382,1.3884963018233438,09/24/2025 18:48:37,597.0,812.0
Data/DET2/CD09242025_Ta01_80cm_DET2.Spe,177W,1170.9,848.3334996977379,50.19622565035324,0.005,0.0006,6.877874905509944e-05,2.0200302199414045e-06,3355243458.108001,473820639.38368773,4132073.2242709375,583522.9549060194,1.3884963018233438,09/24/2025 18:48:37,597.0,812.0
Data/DET2/CD09242025_Ta01_80cm_DET2.Spe,177W,1182.5,5313.555660469604,90.67712441355789,0.0345,0.0024,6.825157253617927e-05,2.04799858544495e-06,3069270570.431372,242047293.14842182,3779889.8650632664,298087.79944386927,1.3884963018233438,09/24/2025 18:48:37,597.0,812.0
Data/DET2/CD09242025_Ta01_80cm_DET2.Spe,176TA,1190.22,1876.6615869691914,60.950236504211155,0.045,0.0022500000000000003,6.790513185826962e-05,2.066524770177111e-06,835319369.6252863,59147578.20732779,1028718.4354991211,72841.845082916,1.3884963018233438,09/24/2025 18:48:37,597.0,812.0
Data/DET2/CD09242025_Ta01_80cm_DET2.Spe,176TA,1222.95,1060.776057495569,483.2552377831635,0.02,0.001,6.647412105785172e-05,2.1440148244215655e-06,1085232540.708372,499707876.22137606,1336493.2767344485,615403.7884499705,1.4037820824349299,09/24/2025 18:48:37,597.0,812.0
Data/DET2/CD09242025_Ta01_80cm_DET2.Spe,176TA,1224.96,2242.597245214762,476.17908092830817,0.057,0.0028499999999999997,6.63881777767173e-05,2.1487077155221437e-06,806060015.3403664,178572911.56536153,992684.7479561162,219917.37877507578,1.4037820824349299,09/24/2025 18:48:37,597.0,812.0
Data/DET2/CD09242025_Ta01_80cm_DET2.Spe,176TA,1247.68,307.05525628142874,38.051710341158525,0.0046,0.0006,6.543173583641749e-05,2.201131361484514e-06,1387560604.150124,266031765.81411865,1708818.4780173942,327625.327357289,1.2561087848431478,09/24/2025 18:48:37,597.0,812.0
Data/DET2/CD09242025_Ta01_80cm_DET2.Spe,176TA,1252.9,1441.801834650706,51.48841351983757,0.0308,0.00154,6.52158136030322e-05,2.2130041184738134e-06,976300785.4666307,73192282.63841246,1202340.8688012694,90138.2791113454,1.2561087848431478,09/24/2025 18:48:37,597.0,812.0
Data/DET2/CD09242025_Ta01_80cm_DET2.Spe,176TA,1268.78,542.9335573412875,36.53655589041062,0.013300000000000001,0.000665,6.456748906496677e-05,2.248698625504939e-06,859929493.8057928,86350585.74942277,1059026.4702041782,106343.0858983039,1.0158017586227706,09/24/2025 18:48:37,597.0,812.0
Data/DET2/CD09242025_Ta01_80cm_DET2.Spe,176TA,1291.01,538.6778394385068,42.90411771795322,0.013300000000000001,0.000665,6.368093477553272e-05,2.2975352331414658e-06,865066983.5474125,94770204.35526364,1065353.428014055,116712.07432914242,1.5361503492097668,09/24/2025 18:48:37,597.0,812.0
Data/DET2/CD09242025_Ta01_80cm_DET2.Spe,177W,1296.1,596.726744714497,44.1594872441266,0.0045000000000000005,0.0003,6.348129856015416e-05,2.3085236185890457e-06,2841180892.3029246,322935177.65879077,3498991.2466784786,397703.4207620576,1.5361503492097668,09/24/2025 18:48:37,597.0,812.0
Data/DET2/CD09242025_Ta01_80cm_DET2.Spe,177W,1326.8,684.1570388664989,37.7143782472438,0.005,0.0004,6.230280691465257e-05,2.3732051307122617e-06,2987169594.038889,331984810.5692537,3678780.2882252326,408848.28887839126,1.0323967676534926,09/24/2025 18:48:37,597.0,812.0
Data/DET2/CD09242025_Ta01_80cm_DET2.Spe,178TA,1340.85,301.7543550301892,805.2480339160925,0.0103,0.0009,6.17776765799661e-05,2.40187228166667e-06,645010002.3193742,1722749791.0049775,794347.2934967662,2121613.043109578,1.0170048350391245,09/24/2025 18:48:37,597.0,812.0
Data/DET2/CD09242025_Ta01_80cm_DET2.Spe,176TA,1341.33,1031.7446626048206,802.6136200071779,0.0334,0.00167,6.175988956259647e-05,2.402841118065177e-06,680300752.6466389,531393128.6684215,837808.8086781267,654425.0353059379,1.0170048350391245,09/24/2025 18:48:37,597.0,812.0
Data/DET2/CD09242025_Ta01_80cm_DET2.Spe,178TA,1350.55,11.516267536927298,27.047291734042307,0.0118,0.001,6.142016960249134e-05,2.4213148897223363e-06,21612272.0140412,51196764.55375931,26616.098539459606,63050.20265241294,1.0170048350391245,09/24/2025 18:48:37,597.0,812.0
Data/DET2/CD09242025_Ta01_80cm_DET2.Spe,176TA,1357.52,938.7842894869068,39.4948314823504,0.02,0.001,6.116577549270362e-05,2.435108305739289e-06,1043780139.8384188,86828912.53643112,1285443.521968496,106932.15829609743,1.0170048350391245,09/24/2025 18:48:37,597.0,812.0
Data/DET2/CD09242025_Ta01_80cm_DET2.Spe,176TA,1420.04,146.03187429526534,23.63821757633783,0.0045000000000000005,0.000225,5.89762641301584e-05,2.5517275876044705e-06,748410005.7744591,144777854.5068003,921687.1992296295,178297.8503778329,0.8800668249256979,09/24/2025 18:48:37,597.0,812.0
Data/DET2/CD09242025_Ta01_80cm_DET2.Spe,176TA,1450.4,172.31674041904776,26.882293291570917,0.0036,0.00017999999999999998,5.7970852953265515e-05,2.6036165355045008e-06,1123044532.297321,209073363.91847175,1383059.7688390655,257479.5122148667,0.899404275838437,09/24/2025 18:48:37,597.0,812.0
Data/DET2/CD09242025_Ta01_80cm_DET2.Spe,176TA,1476.18,213.83975856081403,28.92306601571567,0.0048,0.00024,5.71447853786213e-05,2.645307974878621e-06,1060357494.2711325,176202624.2229179,1305858.9830925276,216998.30569324867,1.3231327418530112,09/24/2025 18:48:37,597.0,812.0
Data/DET2/CD09242025_Ta01_80cm_DET2.Spe,176TA,1489.33,283.7842544398051,31.031635559307365,0.0073,0.000365,5.673281612456124e-05,2.665754968663318e-06,931993302.646152,132424915.46015584,1147775.0032588078,163084.87125634955,1.3231327418530112,09/24/2025 18:48:37,597.0,812.0
Data/DET2/CD09242025_Ta01_80cm_DET2.Spe,176TA,1504.24,281.3698877714454,35.416293300946336,0.0076,0.0012,5.627315065720325e-05,2.6882823931221016e-06,894838151.0712333,193190664.78072044,1102017.4274276271,237919.53790729117,1.8251949455570242,09/24/2025 18:48:37,597.0,812.0
Data/DET2/CD09242025_Ta01_80cm_DET2.Spe,176TA,1536.62,85.44666438542058,23.065632338916796,0.0038,0.00019,5.5301208671514236e-05,2.7348616434330517e-06,553042607.8111615,165467455.8009267,681086.955432465,203777.65492724962,1.077692781370679,09/24/2025 18:48:37,597.0,812.0
Data/DET2/CD09242025_Ta01_80cm_DET2.Spe,176TA,1540.82,181.04848015928607,31.787250657020163,0.0034999999999999996,0.00017500000000000003,5.5177702167151683e-05,2.740673438855773e-06,1275101998.7516177,259182836.65689495,1570322.6585611056,319190.685538048,1.077692781370679,09/24/2025 18:48:37,597.0,812.0
Data/DET2/CD09242025_Ta01_80cm_DET2.Spe,176TA,1555.05,1294.7097407274903,41.23123869994501,0.04,0.002,5.476350319727009e-05,2.7599806497212137e-06,803901613.3101457,66420535.63888873,990026.6173770268,81798.6892104541,1.077692781370679,09/24/2025 18:48:37,597.0,812.0
Data/DET2/CD09242025_Ta01_80cm_DET2.Spe,176TA,1564.95,176.36613426923432,24.664445978491276,0.0040999999999999995,0.00020500000000000002,5.4479152646726197e-05,2.7730680041805406e-06,1073946614.147629,186997623.44187048,1322594.3523985578,230292.63970673704,1.077692781370679,09/24/2025 18:48:37,597.0,812.0
Data/DET2/CD09242025_Ta01_80cm_DET2.Spe,176TA,1584.02,1682.5656806318366,49.853878718978045,0.053,0.00265,5.394002897729694e-05,2.7974962726086566e-06,800509848.7056981,65338611.068910845,985849.5673715494,80466.26978929907,1.3015630715275248,09/24/2025 18:48:37,597.0,812.0
Data/DET2/CD09242025_Ta01_80cm_DET2.Spe,176TA,1616.18,321.5769211572382,28.104382990409515,0.0129,0.0006450000000000001,5.3055675218055546e-05,2.836431305051325e-06,639064973.0938845,81102798.29606865,787025.8289333553,99880.29346806485,1.2139714840949316,09/24/2025 18:48:37,597.0,812.0
Data/DET2/CD09242025_Ta01_80cm_DET2.Spe,176TA,1621.87,113.80716146511114,21.049329011605494,0.0036,0.001,5.290235578773495e-05,2.8430328250110183e-06,812781438.0775894,285104632.6557472,1000962.3621645189,351114.0796253044,1.2139714840949316,09/24/2025 18:48:37,597.0,812.0
Data/DET2/CD09242025_Ta01_80cm_DET2.Spe,176TA,1630.83,519.2065472701115,60.235214128548904,0.0177,0.0008849999999999999,5.2662795313872754e-05,2.8532573648438263e-06,757608231.335361,109318177.88792878,933015.0632208879,134628.29789153792,1.2139714840949316,09/24/2025 18:48:37,597.0,812.0
Data/DET2/CD09242025_Ta01_80cm_DET2.Spe,176TA,1633.74,891.3452951484684,62.68917852345481,0.029300000000000003,0.001465,5.2585479246625334e-05,2.8565335195220453e-06,786854110.5463631,84451090.36845154,969032.1558452748,104003.80587247726,1.2139714840949316,09/24/2025 18:48:37,597.0,812.0
Data/DET2/CD09242025_Ta01_80cm_DET2.Spe,176TA,1643.45,774.883022635054,34.75172986333135,0.024,0.0012,5.2329203444049584e-05,2.867309083894459e-06,839194208.9209547,78742092.93674149,1033490.4050750674,96973.02085805601,1.2139714840949316,09/24/2025 18:48:37,597.0,812.0
Data/DET2/CD09242025_Ta01_80cm_DET2.Spe,176TA,1672.32,37.93587865764599,17.511729718646897,0.011899999999999999,0.0005949999999999999,5.158244600608968e-05,2.8979585446738503e-06,84058754.7309036,41615790.64512776,103520.63390505369,51250.973700896255,1.05246513570849,09/24/2025 18:48:37,597.0,812.0
Data/DET2/CD09242025_Ta01_80cm_DET2.Spe,176TA,1673.4,400.7635756608202,29.072681089267185,0.0045000000000000005,0.0011,5.1554943033235744e-05,2.899065641265319e-06,2349563115.4300456,624616854.6982586,2893550.634766066,769232.5796776584,1.05246513570849,09/24/2025 18:48:37,597.0,812.0
Data/DET2/CD09242025_Ta01_80cm_DET2.Spe,176TA,1679.18,386.41674533060524,26.05897361447564,0.012,0.0006,5.1408271579654706e-05,2.9049432118495936e-06,851968205.7611853,96497464.32453509,1049221.9282773219,118839.2417789841,1.05246513570849,09/24/2025 18:48:37,597.0,812.0
Data/DET2/CD09242025_Ta01_80cm_DET2.Spe,176TA,1693.7,61.290209185683516,33.307887363762106,0.005200000000000001,0.00026,5.1043642480637694e-05,2.919359744437969e-06,314070972.98954934,176947680.61994272,386786.9125487061,217915.86283244178,1.05246513570849,09/24/2025 18:48:37,597.0,812.0
Data/DET2/CD09242025_Ta01_80cm_DET2.Spe,176TA,1696.55,1420.3041201007657,308.1603170776662,0.046,0.0023,5.0972707623711e-05,2.9221316391798916e-06,823886733.537011,190682254.97860512,1014638.834405186,234830.36327414424,1.05246513570849,09/24/2025 18:48:37,597.0,812.0
Data/DET2/CD09242025_Ta01_80cm_DET2.Spe,176TA,1697.8,107.19685374936351,284.38895420553337,0.0032,0.0003,5.094166094467185e-05,2.9233414608697797e-06,894418261.5765369,2376462264.6484876,1101500.3221385921,2926677.6658232603,1.05246513570849,09/24/2025 18:48:37,597.0,812.0
Data/DET2/CD09242025_Ta01_80cm_DET2.Spe,176TA,1704.7,414.47041969650127,25.76902092693361,0.013999999999999999,0.0007000000000000001,5.077099357938939e-05,2.9299550987351093e-06,793106557.6006396,87272720.45016846,976732.2137938911,107478.71976621731,1.05246513570849,09/24/2025 18:48:37,597.0,812.0
Data/DET2/CD09242025_Ta01_80cm_DET2.Spe,176TA,1722.04,983.24049834674,35.462113933946135,0.0327,0.0016350000000000002,5.0347339487284304e-05,2.946099623426754e-06,812301355.0331963,73744733.77933687,1000371.1268881728,90818.63765928186,1.1417980236514254,09/24/2025 18:48:37,597.0,812.0
Data/DET2/CD09242025_Ta01_80cm_DET2.Spe,176TA,1765.75,239.36854096727794,35.37472850186907,0.0048,0.00024,4.9311548282721615e-05,2.9838049307226928e-06,1375494615.527898,246743186.93361288,1693958.8861181012,303870.9198689814,1.409485493115521,09/24/2025 18:48:37,597.0,812.0
Data/DET2/CD09242025_Ta01_80cm_DET2.Spe,176TA,1774.56,461.2024371060332,42.186164383725185,0.015600000000000001,0.00078,4.910815813466493e-05,2.9908886314813536e-06,818832454.5238714,105956754.3170486,1008414.3528619106,130488.61369094654,1.409485493115521,09/24/2025 18:48:37,597.0,812.0
Data/DET2/CD09242025_Ta01_80cm_DET2.Spe,176TA,1823.7,1388.6858506019482,41.775774673069,0.045,0.0022500000000000003,4.800519508401593e-05,3.027402087536904e-06,874349278.2715969,78701946.23111492,1076784.8254576316,96923.57910235829,1.2666284050111292,09/24/2025 18:48:37,597.0,812.0
Data/DET2/CD09242025_Ta01_80cm_DET2.Spe,176TA,1861.15,29.645190221225835,27.56952951296865,0.0026000000000000003,0.0007000000000000001,4.71988773994273e-05,3.0520063658813537e-06,328572280.6371392,324483642.8056385,404645.6658092847,399610.39754388976,1.5470092899035817,09/24/2025 18:48:37,597.0,812.0
Data/DET2/CD09242025_Ta01_80cm_DET2.Spe,176TA,1862.74,1273.7068908432648,48.213989425397294,0.04,0.002,4.716527253005459e-05,3.052992538107637e-06,918266745.6407214,86667605.97080691,1130870.3764048293,106733.5048901563,1.5470092899035817,09/24/2025 18:48:37,597.0,812.0
Data/DET2/CD09242025_Ta01_80cm_DET2.Spe,176TA,1956.48,250.90279988089262,19.38103949793574,0.0086,0.00043,4.5269160776488534e-05,3.1033751985131205e-06,876569410.7643809,114800677.94230628,1079518.9787738682,141380.14524914566,1.1807180234410763,09/24/2025 18:48:37,597.0,812.0
Data/DET2/CD09242025_Ta01_80cm_DET2.Spe,176TA,1977.85,256.4850870980553,23.10626698594623,0.0087,0.000435,4.485910895994861e-05,3.1128740541622373e-06,893869093.708633,124276802.7951806,1100824.0070303362,153050.24974775937,1.1473714153622068,09/24/2025 18:48:37,597.0,812.0
Data/DET2/CD09242025_Ta01_80cm_DET2.Spe,176TA,2044.87,355.2250988162437,27.89732916704728,0.013500000000000002,0.000675,4.362254283180366e-05,3.1383898077165177e-06,820428230.161015,105891550.8169257,1010379.5937943535,130408.31381394791,1.362444709594878,09/24/2025 18:48:37,597.0,812.0
Data/DET2/CD09242025_Ta01_80cm_DET2.Spe,176TA,2192.33,83.82400682344041,14.737026345950259,0.0022700000000000003,0.00011350000000000001,4.1147013358417865e-05,3.1746204471971247e-06,1220635340.6759677,276444164.1402788,1503245.49344331,340448.4780052695,1.195265146380485,09/24/2025 18:48:37,597.0,812.0
Data/DET2/CD09242025_Ta01_80cm_DET2.Spe,176TA,2219.49,62.75051293293237,12.186071283215727,0.00292,0.000146,4.0724316551365075e-05,3.1787412970766814e-06,717732020.854988,179062101.61357763,883906.4296243695,220519.82957337148,1.6108686265113537,09/24/2025 18:48:37,597.0,812.0
Data/DET2/CD09242025_Ta01_80cm_DET2.Spe,176TA,2280.6,44.80656354621831,13.108436488081423,0.00178,8.9e-05,3.980745408105353e-05,3.185532816034679e-06,860080160.3750784,293955008.6686962,1059212.0201663529,362013.5574737638,1.328259141109152,09/24/2025 18:48:37,597.0,812.0
Data/DET2/CD09242025_Ta01_80cm_DET2.Spe,176TA,2307.7,67.89620082347614,16.448483077714116,0.002,0.0001,3.941531502522804e-05,3.187525886002233e-06,1171472705.2059324,336394066.90623504,1442700.375869375,414278.4075199939,1.8600471775709944,09/24/2025 18:48:37,597.0,812.0
Data/DET2/CD09242025_Ta01_80cm_DET2.Spe,176TA,2317.0,57.937860164592905,14.122004289858305,0.00248,0.000124,3.928271033483469e-05,3.188074660007355e-06,808892900.9684366,236879264.6730421,996173.5233601436,291723.23235596315,1.8600471775709944,09/24/2025 18:48:37,597.0,812.0
Data/DET2/CD09242025_Ta01_80cm_DET2.Spe,176TA,2405.2,128.37767804775558,19.827332449385906,0.0049,0.000245,3.8072662061293874e-05,3.1901138202270433e-06,935969917.3829327,189897347.81890234,1152672.3120479467,233863.72884101275,1.8643715491702513,09/24/2025 18:48:37,597.0,812.0
Data/DET2/CD09242025_Ta01_80cm_DET2.Spe,176TA,2513.82,184.597839794221,18.654037114238,0.0067,0.000335,3.669163755986736e-05,3.1856952910844477e-06,1021330767.1139201,163626830.2423853,1257796.5112240396,201510.8746827405,1.0561063254889091,09/24/2025 18:48:37,597.0,812.0
Data/DET2/CD09242025_Ta01_80cm_DET2.Spe,176TA,2602.15,62.77514411425718,12.976942414237751,0.0034999999999999996,0.0005,3.564834978832459e-05,3.1770294096994304e-06,684324268.1197567,201863173.72412944,842763.8769947742,248599.96764055348,1.2635798308718473,09/24/2025 18:48:37,597.0,812.0
Data/DET2/CD09242025_Ta01_80cm_DET2.Spe,176TA,2674.2,9.344382757562888,5.522221462721073,0.00184,9.2e-05,3.484535608070999e-05,3.16707040339755e-06,198230094.31207916,135468041.48002613,244125.73191142755,166832.56339904695,2.050239338434055,09/24/2025 18:48:37,597.0,812.0
Data/DET2/CD09242025_Ta01_80cm_DET2.Spe,176TA,2832.0,744.6283960871386,38.58812775163252,0.043,0.00215,3.322146688246259e-05,3.1379628614028524e-06,708980077.6984535,88125920.89278932,873128.1745054846,108529.45922757305,2.212358402639538,09/24/2025 18:48:37,597.0,812.0
Data/DET2/CD09242025_Ta01_80cm_DET2.Spe,176TA,2885.55,3.44437003594943,2.9165642908836653,0.00108,5.4000000000000005e-05,3.270856302410377e-05,3.126222385569809e-06,132619162.28465973,133871224.50218706,163324.0914835711,164866.04002732396,1.2507391578450164,09/24/2025 18:48:37,597.0,812.0
Data/DET2/CD09242025_Ta01_80cm_DET2.Spe,176TA,2920.41,368.4461724137307,18.970416447831045,0.0219,0.001095,3.2384239985845067e-05,3.118156488975044e-06,706606980.2169316,92498374.243177,870205.6406612458,113914.25399406035,1.4198660896667892,09/24/2025 18:48:37,597.0,812.0
